time[ms],dim1,dim2,dim3,dim4
0.352463,-0.00046999999999997,-6.99999999991263E-05,9.99999999962142E-06,-4.99999999998835E-05
29.419558,-0.000449999999998951,-6.99999999991263E-05,-9.99999999962142E-06,-4.99999999998835E-05
66.282276,-0.000449999999998951,-1.99999999992428E-05,9.99999999962142E-06,-4.99999999998835E-05
96.973175,-0.000529999999999475,-9.99999999997669E-05,9.99999999962142E-06,-4.99999999998835E-05
127.731784,-0.00046999999999997,9.99999999962142E-06,9.99999999962142E-06,-4.99999999998835E-05
158.489157,-0.000420000000000087,4.0000000000262E-05,-9.99999999962142E-06,-2.99999999988643E-05
189.236636,-0.000370000000000204,5.99999999995049E-05,-9.99999999962142E-06,-2.99999999988643E-05
216.561510,-0.000389999999999446,5.99999999995049E-05,9.99999999962142E-06,-4.99999999998835E-05
249.978126,-0.000339999999999563,0.000130000000000408,9.99999999962142E-06,-4.99999999998835E-05
277.204681,-0.000339999999999563,0.000199999999999534,9.99999999962142E-06,-4.99999999998835E-05
306.835099,-0.00032000000000032,0.000270000000000437,9.99999999962142E-06,-4.99999999998835E-05
339.481860,-0.000289999999999679,0.000270000000000437,9.99999999962142E-06,-4.99999999998835E-05
374.296890,-0.00032000000000032,0.00032000000000032,9.99999999962142E-06,-2.99999999988643E-05
412.974794,-0.000289999999999679,0.00032000000000032,9.99999999962142E-06,-6.99999999991263E-05
433.272662,-0.000259999999999039,0.00032000000000032,9.99999999962142E-06,-4.99999999998835E-05
466.658051,-0.000259999999999039,0.000379999999999825,-9.99999999962142E-06,-4.99999999998835E-05
509.677437,-0.000259999999999039,0.000379999999999825,9.99999999962142E-06,-4.99999999998835E-05
537.907277,-0.000239999999999796,0.000410000000000466,9.99999999962142E-06,-2.99999999988643E-05
556.742423,-0.000259999999999039,0.000410000000000466,9.99999999962142E-06,-2.99999999988643E-05
591.943307,-0.000289999999999679,0.000410000000000466,9.99999999962142E-06,-4.99999999998835E-05
622.749839,-0.000159999999999272,0.000460000000000349,-9.99999999962142E-06,-2.99999999988643E-05
653.532255,-7.99999999987477E-05,0.000460000000000349,9.99999999962142E-06,-2.99999999988643E-05
683.375387,-7.99999999987477E-05,0.000550000000000495,9.99999999962142E-06,-4.99999999998835E-05
714.940333,-0.000449999999998951,7.00000000009027E-05,9.99999999962142E-06,-4.99999999998835E-05
745.713474,-0.00046999999999997,4.0000000000262E-05,-9.99999999962142E-06,-4.99999999998835E-05
776.411793,-0.00043999999999933,9.99999999997669E-05,9.99999999962142E-06,-4.99999999998835E-05
807.175040,-0.000420000000000087,0.00014999999999965,9.99999999962142E-06,-4.99999999998835E-05
838.095968,-0.000499999999998835,5.99999999995049E-05,9.99999999962142E-06,-4.99999999998835E-05
868.805727,-0.000420000000000087,5.99999999995049E-05,9.99999999962142E-06,-4.99999999998835E-05
914.924627,-0.000420000000000087,0.000210000000000932,9.99999999962142E-06,-6.99999999991263E-05
945.669014,-0.000370000000000204,0.000239999999999796,9.99999999962142E-06,-4.99999999998835E-05
976.394850,-0.000339999999999563,0.000270000000000437,9.99999999962142E-06,-4.99999999998835E-05
1007.076474,-0.000339999999999563,0.000379999999999825,9.99999999962142E-06,-4.99999999998835E-05
1026.420528,-0.000289999999999679,0.000379999999999825,9.99999999962142E-06,-6.99999999991263E-05
1056.924374,-0.000259999999999039,0.000379999999999825,9.99999999962142E-06,-4.99999999998835E-05
1091.019018,-0.000239999999999796,0.000460000000000349,9.99999999962142E-06,-4.99999999998835E-05
1130.108747,-0.000239999999999796,0.000489999999999213,9.99999999962142E-06,-4.99999999998835E-05
1152.134923,-0.000239999999999796,0.000489999999999213,9.99999999962142E-06,-4.99999999998835E-05
1191.705425,-0.000209999999999155,0.000519999999999854,9.99999999962142E-06,-4.99999999998835E-05
1222.448266,-0.000209999999999155,0.000550000000000495,9.99999999962142E-06,-2.99999999988643E-05
1253.293754,-0.000209999999999155,0.000569999999999737,9.99999999962142E-06,-2.99999999988643E-05
1281.982415,-0.000180000000000291,0.000569999999999737,9.99999999962142E-06,-4.99999999998835E-05
1311.725373,-0.000180000000000291,0.000600000000000378,9.99999999962142E-06,-4.99999999998835E-05
1343.880232,-0.000209999999999155,0.000600000000000378,-9.99999999962142E-06,-4.99999999998835E-05
1374.621527,-0.000239999999999796,0.000600000000000378,0,-2.99999999988643E-05
1412.632224,-9.99999999997669E-05,0.000659999999999883,9.99999999962142E-06,-2.99999999988643E-05
1444.102562,-7.99999999987477E-05,0.000659999999999883,9.99999999962142E-06,-4.99999999998835E-05
1474.863026,-0.000420000000000087,0.000270000000000437,9.99999999962142E-06,-4.99999999998835E-05
1500.002010,-0.000389999999999446,0.000270000000000437,9.99999999962142E-06,-6.99999999991263E-05
1527.702536,-0.000389999999999446,0.000239999999999796,-9.99999999962142E-06,-4.99999999998835E-05
1563.621950,-0.000389999999999446,0.000270000000000437,9.99999999962142E-06,-4.99999999998835E-05
1590.904776,-0.000389999999999446,0.000349999999999184,9.99999999962142E-06,-4.99999999998835E-05
1620.468721,-0.000449999999998951,0.000289999999999679,9.99999999962142E-06,-4.99999999998835E-05
1657.370704,-0.000370000000000204,0.000410000000000466,9.99999999962142E-06,-4.99999999998835E-05
1694.193538,-0.000339999999999563,0.000410000000000466,0,-4.99999999998835E-05
1731.110671,-0.000289999999999679,0.000410000000000466,9.99999999962142E-06,-4.99999999998835E-05
1771.968282,-0.000289999999999679,0.00043999999999933,9.99999999962142E-06,-4.99999999998835E-05
1808.796372,-0.00032000000000032,0.000519999999999854,9.99999999962142E-06,-4.99999999998835E-05
1845.742877,-0.000239999999999796,0.000569999999999737,9.99999999962142E-06,-4.99999999998835E-05
1882.665575,-0.000209999999999155,0.000629999999999242,9.99999999962142E-06,-4.99999999998835E-05
1919.514380,-0.000209999999999155,0.000659999999999883,9.99999999962142E-06,-4.99999999998835E-05
1956.395957,-0.000239999999999796,0.000659999999999883,9.99999999962142E-06,-2.99999999988643E-05
1993.204878,-0.000180000000000291,0.000659999999999883,-9.99999999962142E-06,-4.99999999998835E-05
2034.145967,-0.000180000000000291,0.000690000000000524,9.99999999962142E-06,-4.99999999998835E-05
2070.973439,-0.000180000000000291,0.000719999999999388,9.99999999962142E-06,-4.99999999998835E-05
2107.898920,-0.000180000000000291,0.000750000000000028,-9.99999999962142E-06,-4.99999999998835E-05
2144.879434,-0.000159999999999272,0.000769999999999271,-9.99999999962142E-06,-2.99999999988643E-05
2181.690828,-0.000159999999999272,0.000769999999999271,-9.99999999962142E-06,-2.99999999988643E-05
2218.595285,-0.000209999999999155,0.000769999999999271,-9.99999999962142E-06,-4.99999999998835E-05
2255.331240,-0.000209999999999155,0.000769999999999271,9.99999999962142E-06,-2.99999999988643E-05
2296.255324,-7.99999999987477E-05,0.000859999999999417,9.99999999962142E-06,-2.99999999988643E-05
2333.082177,-1.99999999992428E-05,0.000859999999999417,9.99999999962142E-06,-2.99999999988643E-05
2370.147098,-0.000370000000000204,0.00043999999999933,9.99999999962142E-06,-2.99999999988643E-05
2406.893874,-0.000370000000000204,0.000410000000000466,9.99999999962142E-06,-4.99999999998835E-05
2443.753500,-0.000370000000000204,0.000410000000000466,9.99999999962142E-06,-4.99999999998835E-05
2480.628275,-0.000339999999999563,0.00043999999999933,9.99999999962142E-06,-2.99999999988643E-05
2517.530877,-0.000339999999999563,0.000519999999999854,9.99999999962142E-06,-2.99999999988643E-05
2558.392507,-0.000370000000000204,0.000460000000000349,9.99999999962142E-06,-2.99999999988643E-05
2595.300674,-0.000339999999999563,0.000569999999999737,9.99999999962142E-06,-2.99999999988643E-05
2632.131547,-0.000289999999999679,0.000569999999999737,0,-2.99999999988643E-05
2668.999830,-0.000259999999999039,0.000600000000000378,0,-2.99999999988643E-05
2705.879552,-0.000259999999999039,0.000600000000000378,9.99999999962142E-06,-2.99999999988643E-05
2742.724338,-0.000239999999999796,0.000659999999999883,-9.99999999962142E-06,-2.99999999988643E-05
2779.638997,-0.000239999999999796,0.000719999999999388,0,-4.99999999998835E-05
2820.555043,-0.000180000000000291,0.000769999999999271,9.99999999962142E-06,0
2857.392408,-0.000180000000000291,0.000799999999999912,-9.99999999962142E-06,0
2894.263783,-0.000209999999999155,0.000830000000000553,-9.99999999962142E-06,-2.99999999988643E-05
2931.153708,-0.000180000000000291,0.000859999999999417,9.99999999962142E-06,-2.99999999988643E-05
2968.013025,-0.00014999999999965,0.000859999999999417,9.99999999962142E-06,-2.99999999988643E-05
3004.944380,-0.00014999999999965,0.000880000000000436,9.99999999962142E-06,-2.99999999988643E-05
3041.734750,-0.000130000000000408,0.0009099999999993,-9.99999999962142E-06,-2.99999999988643E-05
3082.669347,-0.000109999999999388,0.000939999999999941,0,0
3119.489398,-0.000130000000000408,0.000939999999999941,0,0
3156.439304,-0.000180000000000291,0.000939999999999941,0,-2.99999999988643E-05
3193.250080,-4.99999999998835E-05,0.000999999999999446,9.99999999962142E-06,-2.99999999988643E-05
3230.203387,0,0.000999999999999446,9.99999999962142E-06,0
3267.122066,0,0.00103000000000009,9.99999999962142E-06,-2.99999999988643E-05
3304.005808,-0.000339999999999563,0.000629999999999242,9.99999999962142E-06,-2.99999999988643E-05
3344.753661,-0.000339999999999563,0.000550000000000495,-9.99999999962142E-06,-2.99999999988643E-05
3381.583915,-0.000339999999999563,0.000600000000000378,-9.99999999962142E-06,-2.99999999988643E-05
3419.516389,-0.000370000000000204,0.000659999999999883,-9.99999999962142E-06,-2.99999999988643E-05
3455.568441,-0.000370000000000204,0.000659999999999883,9.99999999962142E-06,-4.99999999998835E-05
3492.450019,-0.000339999999999563,0.000600000000000378,9.99999999962142E-06,-2.99999999988643E-05
3529.225548,-0.000339999999999563,0.000750000000000028,9.99999999962142E-06,-4.99999999998835E-05
3566.148556,-0.000259999999999039,0.000719999999999388,9.99999999962142E-06,-2.99999999988643E-05
3606.964119,-0.000239999999999796,0.000750000000000028,9.99999999962142E-06,-2.99999999988643E-05
3643.852498,-0.000239999999999796,0.000859999999999417,9.99999999962142E-06,-2.99999999988643E-05
3680.759738,-0.000180000000000291,0.000880000000000436,9.99999999962142E-06,-2.99999999988643E-05
3717.629876,-0.000130000000000408,0.000880000000000436,-9.99999999962142E-06,0
3754.411898,-0.000130000000000408,0.0009099999999993,-9.99999999962142E-06,-2.99999999988643E-05
3791.257302,-0.000130000000000408,0.000970000000000582,9.99999999962142E-06,-2.99999999988643E-05
3828.103633,-0.000130000000000408,0.000970000000000582,9.99999999962142E-06,0
3869.143659,-0.000130000000000408,0.000999999999999446,9.99999999962142E-06,0
3905.999266,-9.99999999997669E-05,0.00103000000000009,9.99999999962142E-06,0
3942.867549,-9.99999999997669E-05,0.00103000000000009,9.99999999962142E-06,-2.99999999988643E-05
3979.645861,-7.99999999987477E-05,0.00103000000000009,9.99999999962142E-06,-2.99999999988643E-05
4016.535168,-7.99999999987477E-05,0.00106000000000073,9.99999999962142E-06,-2.99999999988643E-05
4053.439316,-9.99999999997669E-05,0.00106000000000073,9.99999999962142E-06,-2.99999999988643E-05
4090.364796,-0.000109999999999388,0.00106000000000073,-9.99999999962142E-06,-2.99999999988643E-05
4131.132128,-1.99999999992428E-05,0.00111000000000061,9.99999999962142E-06,0
4168.047406,5.99999999995049E-05,0.00113999999999947,9.99999999962142E-06,0
4204.953408,-0.000259999999999039,0.00113999999999947,-9.99999999962142E-06,-2.99999999988643E-05
4241.844570,-0.00032000000000032,0.000750000000000028,-9.99999999962142E-06,-2.99999999988643E-05
4278.741607,-0.00032000000000032,0.000659999999999883,0,-2.99999999988643E-05
4315.646682,-0.00032000000000032,0.000690000000000524,0,-2.99999999988643E-05
4352.587931,-0.000289999999999679,0.000769999999999271,-9.99999999962142E-06,-2.99999999988643E-05
4393.375050,-0.000339999999999563,0.000719999999999388,9.99999999962142E-06,-2.99999999988643E-05
4430.094618,-0.000339999999999563,0.000769999999999271,9.99999999962142E-06,-4.99999999998835E-05
4467.073277,-0.000239999999999796,0.000769999999999271,9.99999999962142E-06,-2.99999999988643E-05
4503.950527,-0.000180000000000291,0.000830000000000553,-9.99999999962142E-06,-2.99999999988643E-05
4540.858384,-0.000180000000000291,0.000830000000000553,-9.99999999962142E-06,0
4577.666377,-0.000209999999999155,0.000880000000000436,9.99999999962142E-06,-2.99999999988643E-05
4614.544554,-0.000180000000000291,0.000970000000000582,0,-2.99999999988643E-05
4655.412059,-0.000130000000000408,0.000999999999999446,0,0
4692.350835,-0.000130000000000408,0.00103000000000009,-9.99999999962142E-06,-2.99999999988643E-05
4729.255291,-0.00014999999999965,0.00103000000000009,-9.99999999962142E-06,-2.99999999988643E-05
4766.156656,-0.00014999999999965,0.00106000000000073,0,-2.99999999988643E-05
4802.944862,-9.99999999997669E-05,0.00106000000000073,9.99999999962142E-06,-2.99999999988643E-05
4839.863541,-0.000109999999999388,0.00108999999999959,-9.99999999962142E-06,0
4876.693177,-9.99999999997669E-05,0.00108999999999959,9.99999999962142E-06,0
4917.563773,-7.99999999987477E-05,0.00111000000000061,9.99999999962142E-06,0
4954.516771,-7.99999999987477E-05,0.00111000000000061,9.99999999962142E-06,-2.99999999988643E-05
4991.362175,-0.00014999999999965,0.00111000000000061,0,-2.99999999988643E-05
5028.207269,-0.00014999999999965,0.00113999999999947,-9.99999999962142E-06,0
5065.122857,-4.99999999998835E-05,0.00117000000000012,-9.99999999962142E-06,-2.99999999988643E-05
5101.954347,0,0.00122999999999962,9.99999999962142E-06,-2.99999999988643E-05
5138.831906,-0.000180000000000291,0.000880000000000436,-9.99999999962142E-06,0
5179.830502,-0.00032000000000032,0.000769999999999271,-9.99999999962142E-06,-2.99999999988643E-05
5216.655500,-0.000209999999999155,0.000769999999999271,9.99999999962142E-06,-2.99999999988643E-05
5253.555938,-4.99999999998835E-05,0.000939999999999941,9.99999999962142E-06,-2.99999999988643E-05
5290.333013,-4.99999999998835E-05,0.00117000000000012,9.99999999962142E-06,0
5327.216755,0.000110000000001165,0.00141999999999953,4.0000000000262E-05,0
5364.123376,0.00032000000000032,0.00164999999999971,9.99999999962142E-06,0
5401.069572,0.000690000000000524,0.00201999999999991,9.99999999962142E-06,7.00000000009027E-05
5437.918995,0.000930000000000319,0.00224000000000046,4.0000000000262E-05,9.00000000001455E-05
5478.713534,0.00108999999999959,0.00224000000000046,4.0000000000262E-05,9.00000000001455E-05
5515.635614,0.00108999999999959,0.0024999999999995,4.0000000000262E-05,9.00000000001455E-05
5552.479162,0.00130000000000052,0.0028100000000002,4.0000000000262E-05,0.000110000000001165
5589.397223,0.00157000000000096,0.0031200000000009,9.99999999962142E-06,0.000110000000001165
5626.285911,0.00178000000000011,0.00332000000000043,9.99999999962142E-06,0.000110000000001165
5663.123277,0.0018899999999995,0.00351999999999997,9.99999999962142E-06,0.000110000000001165
5699.946110,0.00210000000000043,0.00376999999999939,6.00000000012813E-05,0.000140000000000029
5740.816089,0.00225999999999971,0.00376999999999939,9.99999999962142E-06,0.00017000000000067
5777.754246,0.00225999999999971,0.00399999999999956,4.0000000000262E-05,0.00017000000000067
5814.684055,0.00237000000000087,0.00413999999999959,4.0000000000262E-05,0.00017000000000067
5851.528222,0.00258000000000003,0.00431000000000026,9.99999999962142E-06,0.00017000000000067
5888.420621,0.00274000000000107,0.00450999999999979,4.0000000000262E-05,0.000189999999999912
5925.203571,0.00263999999999953,0.00436999999999976,4.0000000000262E-05,0.000189999999999912
5962.075873,0.00271000000000043,0.00436999999999976,6.00000000012813E-05,0.000189999999999912
6003.062721,0.00290000000000035,0.00445999999999991,9.99999999962142E-06,0.000189999999999912
6039.913381,0.00290000000000035,0.00468000000000046,9.99999999962142E-06,0.000220000000000553
6076.870089,0.00305999999999962,0.00492999999999988,4.0000000000262E-05,0.000220000000000553
6113.610372,0.00322000000000067,0.00510000000000055,6.00000000012813E-05,0.000220000000000553
6150.538944,0.00337000000000032,0.00533000000000072,9.99999999962142E-06,0.000220000000000553
6187.347556,0.00361999999999973,0.00553000000000026,9.99999999962142E-06,0.000250000000001194
6224.218312,0.00380000000000003,0.00553000000000026,4.0000000000262E-05,0.000250000000001194
6265.153218,0.00391000000000119,0.00572999999999979,9.99999999962142E-06,0.000250000000001194
6302.148573,0.00391000000000119,0.00599000000000061,9.99999999962142E-06,0.000250000000001194
6338.883909,0.00408999999999971,0.00628999999999991,-9.99999999962142E-06,0.000270000000000437
6375.762395,0.0043299999999995,0.0064700000000002,9.99999999962142E-06,0.000270000000000437
6412.656958,0.00439000000000078,0.00657999999999959,9.99999999962142E-06,0.000270000000000437
6449.722188,0.00441999999999965,0.00671999999999962,6.00000000012813E-05,0.000270000000000437
6486.498026,0.00459999999999994,0.00671999999999962,4.0000000000262E-05,0.000280000000000058
6527.231966,0.00459999999999994,0.00689000000000028,4.0000000000262E-05,0.000300000000001077
6564.162703,0.00463000000000058,0.00697000000000081,4.0000000000262E-05,0.000270000000000437
6601.023566,0.00454000000000043,0.00680999999999976,4.0000000000262E-05,0.000270000000000437
6637.960796,0.00459999999999994,0.00692000000000093,4.0000000000262E-05,0.000270000000000437
6674.880711,0.00459999999999994,0.00692000000000093,4.0000000000262E-05,0.000270000000000437
6711.688704,0.00449000000000055,0.00692000000000093,9.99999999962142E-06,0.000270000000000437
6748.526379,0.00420000000000087,0.00680000000000014,9.99999999962142E-06,0.000270000000000437
6789.377497,0.00420000000000087,0.0064700000000002,9.99999999962142E-06,0.000250000000001194
6826.273915,0.00396000000000107,0.00620999999999938,-9.99999999962142E-06,0.000220000000000553
6863.278546,0.00370000000000026,0.00577999999999967,9.99999999962142E-06,0.000220000000000553
6900.155486,0.00337000000000032,0.00534000000000034,9.99999999962142E-06,0.000220000000000553
6936.967498,0.00295000000000023,0.00498999999999938,9.99999999962142E-06,0.00017000000000067
6973.750139,0.00271000000000043,0.00498999999999938,-9.99999999962142E-06,0.00017000000000067
7010.671600,0.0024999999999995,0.00470999999999933,9.99999999962142E-06,0.000140000000000029
7051.565076,0.0024999999999995,0.00445999999999991,9.99999999962142E-06,0.000140000000000029
7088.386673,0.00220999999999982,0.00412000000000035,9.99999999962142E-06,0.000140000000000029
7125.332869,0.00201999999999991,0.00390999999999941,9.99999999962142E-06,0.000140000000000029
7162.203625,0.0018899999999995,0.00383000000000067,9.99999999962142E-06,0.000140000000000029
7199.011928,0.00162000000000084,0.00332000000000043,4.0000000000262E-05,0.000110000000001165
7235.886703,0.00130000000000052,0.00332000000000043,6.00000000012813E-05,0.000110000000001165
7272.843102,0.00130000000000052,0.00305999999999962,6.00000000012813E-05,9.00000000001455E-05
7313.699168,0.00117999999999974,0.00289000000000073,6.00000000012813E-05,9.00000000001455E-05
7350.616919,0.00110000000000099,0.0028100000000002,4.0000000000262E-05,9.00000000001455E-05
7387.400487,0.000989999999999824,0.00270000000000081,6.00000000012813E-05,9.00000000001455E-05
7424.290722,0.000849999999999795,0.00258000000000003,6.00000000012813E-05,9.00000000001455E-05
7461.153439,0.000930000000000319,0.00261000000000067,6.00000000012813E-05,9.00000000001455E-05
7498.005336,0.000910000000001077,0.00261000000000067,6.00000000012813E-05,9.00000000001455E-05
7535.039957,0.000910000000001077,0.00261000000000067,6.00000000012813E-05,9.00000000001455E-05
7575.793066,0.000930000000000319,0.00263999999999953,6.00000000012813E-05,9.00000000001455E-05
7612.641252,0.000910000000001077,0.00267000000000017,6.00000000012813E-05,9.00000000001455E-05
7649.744201,0.00096000000000096,0.00272999999999968,4.0000000000262E-05,9.00000000001455E-05
7686.401315,0.000989999999999824,0.00277999999999956,4.0000000000262E-05,9.00000000001455E-05
7723.351840,0.00103999999999971,0.00277999999999956,6.00000000012813E-05,8.00000000005241E-05
7760.117785,0.00107000000000035,0.00284000000000084,6.00000000012813E-05,9.00000000001455E-05
7797.001836,0.00107000000000035,0.00291999999999959,6.00000000012813E-05,0.000110000000001165
7837.936123,0.00112000000000023,0.00300999999999974,6.00000000012813E-05,9.00000000001455E-05
7874.791730,0.00120000000000076,0.00314999999999976,4.0000000000262E-05,9.00000000001455E-05
7911.726795,0.0012799999999995,0.00323999999999991,6.00000000012813E-05,0.000110000000001165
7948.496450,0.00139000000000067,0.00341000000000058,6.00000000012813E-05,0.000140000000000029
7985.418221,0.00147000000000119,0.00341000000000058,9.00000000001455E-05,0.000140000000000029
8022.359161,0.00150999999999968,0.00357999999999947,6.00000000012813E-05,0.000140000000000029
8059.144584,0.00150999999999968,0.00366,6.00000000012813E-05,0.000140000000000029
8100.057538,0.00157000000000096,0.00380999999999965,9.00000000001455E-05,0.00017000000000067
8136.929840,0.00176000000000087,0.00399999999999956,6.00000000012813E-05,0.00017000000000067
8173.990432,0.00200000000000067,0.00412000000000035,6.00000000012813E-05,0.00017000000000067
8210.761942,0.00164999999999971,0.00383000000000067,9.00000000001455E-05,0.00017000000000067
8247.630534,0.00164999999999971,0.00383000000000067,9.00000000001455E-05,0.000110000000001165
8284.580131,0.00164999999999971,0.00376999999999939,4.0000000000262E-05,0.000140000000000029
8321.349168,0.00176000000000087,0.00383000000000067,6.00000000012813E-05,0.000140000000000029
8362.286238,0.00173000000000023,0.00389000000000017,6.00000000012813E-05,0.000140000000000029
8399.066096,0.00176000000000087,0.00392000000000081,4.0000000000262E-05,0.00017000000000067
8435.909335,0.00187000000000026,0.00408000000000008,4.0000000000262E-05,0.000140000000000029
8472.896034,0.00197000000000003,0.00408000000000008,6.00000000012813E-05,0.000140000000000029
8509.772046,0.00213000000000108,0.00413999999999959,6.00000000012813E-05,0.00017000000000067
8546.671556,0.00213000000000108,0.0043400000000009,4.0000000000262E-05,0.00017000000000067
8583.450795,0.00220999999999982,0.00450999999999979,6.00000000012813E-05,0.000189999999999912
8624.502261,0.00236000000000125,0.00468000000000046,9.99999999962142E-06,0.000189999999999912
8661.167723,0.0024999999999995,0.00482000000000049,4.0000000000262E-05,0.000189999999999912
8698.149475,0.00258000000000003,0.00496000000000052,4.0000000000262E-05,0.000189999999999912
8734.998589,0.00263999999999953,0.00496000000000052,4.0000000000262E-05,0.000189999999999912
8771.908301,0.00269000000000119,0.00505000000000067,9.99999999962142E-06,0.000189999999999912
8808.797608,0.00269000000000119,0.00510000000000055,4.0000000000262E-05,0.000220000000000553
8845.564172,0.00258000000000003,0.00491000000000064,4.0000000000262E-05,0.000189999999999912
8886.466614,0.00234000000000023,0.0045699999999993,4.0000000000262E-05,0.000189999999999912
8923.358394,0.0018899999999995,0.00385999999999953,4.0000000000262E-05,0.000189999999999912
8960.188957,0.00138000000000105,0.00332000000000043,4.0000000000262E-05,0.000110000000001165
8997.145356,0.0012799999999995,0.00332000000000043,4.0000000000262E-05,0.000110000000001165
9034.017349,0.0012799999999995,0.0031200000000009,4.0000000000262E-05,0.000140000000000029
9070.955816,0.00140999999999991,0.00329999999999941,9.99999999962142E-06,0.000140000000000029
9107.735674,0.00133000000000116,0.00309999999999988,4.0000000000262E-05,0.000110000000001165
9148.750657,0.00139000000000067,0.0031800000000004,9.99999999962142E-06,0.000110000000001165
9185.493104,0.00168000000000035,0.00346000000000046,9.99999999962142E-06,0.000140000000000029
9222.440536,0.0018899999999995,0.00374000000000052,9.99999999962142E-06,0.000140000000000029
9259.272336,0.00205000000000055,0.00374000000000052,9.99999999962142E-06,0.00017000000000067
9296.094243,0.00205000000000055,0.00392000000000081,4.0000000000262E-05,0.000189999999999912
9332.929443,0.00213000000000108,0.00402000000000058,9.99999999962142E-06,0.000189999999999912
9369.900064,0.00242000000000075,0.00426000000000037,9.99999999962142E-06,0.000189999999999912
9410.703569,0.00260000000000105,0.00445999999999991,9.99999999962142E-06,0.000220000000000553
9447.668007,0.00276000000000032,0.00473999999999997,9.99999999962142E-06,0.000220000000000553
9484.571536,0.00295000000000023,0.00473999999999997,4.0000000000262E-05,0.000189999999999912
9521.403645,0.00328999999999979,0.00507999999999953,-9.99999999962142E-06,0.000250000000001194
9558.246266,0.00328999999999979,0.00535999999999959,-9.99999999962142E-06,0.000250000000001194
9595.106820,0.00347999999999971,0.00553000000000026,9.99999999962142E-06,0.000250000000001194
9632.016532,0.00352999999999959,0.00570000000000093,9.99999999962142E-06,0.000250000000001194
9673.026259,0.0037300000000009,0.00595999999999997,9.99999999962142E-06,0.000250000000001194
9709.720475,0.00388000000000055,0.00604000000000049,9.99999999962142E-06,0.000270000000000437
9746.693260,0.00398999999999994,0.00604000000000049,9.99999999962142E-06,0.000270000000000437
9783.536500,0.00398999999999994,0.00609999999999999,9.99999999962142E-06,0.000270000000000437
9820.473111,0.00394000000000005,0.00606999999999935,-9.99999999962142E-06,0.000250000000001194
9857.365201,0.00408999999999971,0.00632000000000055,9.99999999962142E-06,0.000300000000001077
9894.217406,0.00426000000000037,0.00655000000000072,9.99999999962142E-06,0.000300000000001077
9934.993085,0.00439000000000078,0.00675000000000026,9.99999999962142E-06,0.000300000000001077
9971.892595,0.00449000000000055,0.00689000000000028,4.0000000000262E-05,0.000300000000001077
10008.773245,0.00478000000000023,0.00689000000000028,4.0000000000262E-05,0.000300000000001077
10045.628233,0.00478000000000023,0.00712000000000046,9.99999999962142E-06,0.000329999999999941
10082.670275,0.00492000000000026,0.00722999999999985,9.99999999962142E-06,0.000300000000001077
10119.388606,0.00497000000000014,0.00742999999999938,9.99999999962142E-06,0.000300000000001077
10156.217314,0.00510000000000055,0.00774000000000008,4.0000000000262E-05,0.000329999999999941
10197.172626,0.00529000000000046,0.00788000000000011,4.0000000000262E-05,0.000300000000001077
10234.036889,0.00537000000000099,0.00788000000000011,4.0000000000262E-05,0.000329999999999941
10270.887240,0.00561000000000078,0.0079899999999995,4.0000000000262E-05,0.000329999999999941
10307.871465,0.00561000000000078,0.00825000000000031,4.0000000000262E-05,0.000329999999999941
10344.727380,0.00566000000000066,0.00841999999999921,9.99999999962142E-06,0.000350000000000961
10381.457151,0.00579000000000107,0.00839000000000034,4.0000000000262E-05,0.000350000000000961
10418.407367,0.00585000000000058,0.00855999999999923,4.0000000000262E-05,0.000360000000000582
10459.210872,0.00605999999999973,0.00886999999999993,4.0000000000262E-05,0.000350000000000961
10496.217048,0.00627000000000066,0.00886999999999993,9.99999999962142E-06,0.000360000000000582
10533.089041,0.00641000000000069,0.00910000000000011,4.0000000000262E-05,0.000350000000000961
10569.890851,0.00641000000000069,0.00932000000000066,4.0000000000262E-05,0.000360000000000582
10606.761298,0.00665000000000049,0.00970000000000049,4.0000000000262E-05,0.000380000000001601
10643.594025,0.00708999999999982,0.0100099999999994,4.0000000000262E-05,0.000380000000001601
10680.608240,0.00722999999999985,0.0101800000000001,4.0000000000262E-05,0.000410000000000466
10721.453175,0.0073900000000009,0.0105500000000003,4.0000000000262E-05,0.000380000000001601
10758.414212,0.00760000000000005,0.0105500000000003,4.0000000000262E-05,0.000410000000000466
10795.235500,0.00760000000000005,0.0108300000000003,4.0000000000262E-05,0.000410000000000466
10832.060807,0.00771000000000122,0.0109399999999997,6.00000000012813E-05,0.000380000000001601
10868.863235,0.00771000000000122,0.0109700000000004,4.0000000000262E-05,0.000380000000001601
10905.732754,0.00760000000000005,0.0107400000000002,4.0000000000262E-05,0.000410000000000466
10942.603511,0.00712000000000046,0.0101200000000006,4.0000000000262E-05,0.000380000000001601
10979.500238,0.00624999999999964,0.00918000000000063,6.00000000012813E-05,0.000329999999999941
11020.368980,0.00563999999999965,0.00918000000000063,9.00000000001455E-05,0.000300000000001077
11057.312084,0.00563999999999965,0.00853999999999999,6.00000000012813E-05,0.000270000000000437
11094.130898,0.00513000000000119,0.00802000000000014,6.00000000012813E-05,0.000250000000001194
11131.154389,0.0047100000000011,0.00760000000000005,9.00000000001455E-05,0.000250000000001194
11168.018343,0.00422000000000011,0.0071399999999997,0.000110000000001165,0.000250000000001194
11204.784288,0.00402000000000058,0.00692000000000093,0.000110000000001165,0.000220000000000553
11241.610522,0.00375000000000014,0.00692000000000093,0.000110000000001165,0.000220000000000553
11282.678684,0.00346000000000046,0.00666000000000011,0.000110000000001165,0.000189999999999912
11319.493170,0.00346000000000046,0.0064700000000002,0.000110000000001165,0.000189999999999912
11356.456989,0.00328999999999979,0.00624000000000002,0.000140000000000029,0.000189999999999912
11393.235919,0.0031099999999995,0.00604000000000049,0.000110000000001165,0.000189999999999912
11430.142541,0.00290000000000035,0.00584000000000096,0.000110000000001165,0.000189999999999912
11466.894882,0.00285000000000046,0.00570000000000093,0.000110000000001165,0.00017000000000067
11503.778005,0.00276000000000032,0.00570000000000093,0.000110000000001165,0.00017000000000067
11544.626032,0.00276000000000032,0.00558999999999976,0.000110000000001165,0.000140000000000029
11581.572228,0.00239000000000011,0.00502000000000002,0.000110000000001165,0.000140000000000029
11618.447931,0.00215000000000032,0.00473999999999997,9.00000000001455E-05,0.000140000000000029
11655.284678,0.00206999999999979,0.00464999999999982,9.00000000001455E-05,0.000140000000000029
11692.162236,0.00201999999999991,0.00454000000000043,9.00000000001455E-05,0.000140000000000029
11729.103176,0.00192000000000014,0.00445999999999991,0.000110000000001165,0.000140000000000029
11766.029275,0.00197000000000003,0.00445999999999991,9.00000000001455E-05,0.000140000000000029
11806.956142,0.00197000000000003,0.00454000000000043,9.00000000001455E-05,0.000140000000000029
11843.784541,0.00201999999999991,0.00459999999999994,6.00000000012813E-05,0.000140000000000029
11880.620669,0.00213000000000108,0.00470999999999933,9.00000000001455E-05,0.000140000000000029
11917.497300,0.00224000000000046,0.00491000000000064,6.00000000012813E-05,0.000189999999999912
11954.462665,0.00230999999999959,0.00502000000000002,6.00000000012813E-05,0.00017000000000067
11991.274059,0.00244999999999962,0.00502000000000002,6.00000000012813E-05,0.00017000000000067
12028.037840,0.00258000000000003,0.00519000000000069,4.0000000000262E-05,0.000189999999999912
12068.931316,0.00258000000000003,0.0053099999999997,6.00000000012813E-05,0.000189999999999912
12105.762188,0.00266000000000055,0.00544000000000011,4.0000000000262E-05,0.000220000000000553
12142.654587,0.00279000000000096,0.0056200000000004,6.00000000012813E-05,0.000220000000000553
12179.542657,0.00293000000000099,0.00576000000000043,6.00000000012813E-05,0.000220000000000553
12216.588718,0.00303000000000075,0.00590000000000046,6.00000000012813E-05,0.000189999999999912
12253.333329,0.0031099999999995,0.00590000000000046,6.00000000012813E-05,0.000250000000001194
12290.214598,0.00322000000000067,0.00604000000000049,4.0000000000262E-05,0.000220000000000553
12331.053040,0.00322000000000067,0.00614999999999988,4.0000000000262E-05,0.000250000000001194
12367.933999,0.00335000000000107,0.00625999999999927,4.0000000000262E-05,0.000250000000001194
12404.938011,0.00346000000000046,0.00641000000000069,9.99999999962142E-06,0.000250000000001194
12441.759917,0.00352999999999959,0.00650000000000084,9.99999999962142E-06,0.000250000000001194
12478.549978,0.00352999999999959,0.00655000000000072,4.0000000000262E-05,0.000250000000001194
12515.499884,0.00370000000000026,0.00655000000000072,4.0000000000262E-05,0.000250000000001194
12552.329520,0.00370000000000026,0.00671999999999962,9.99999999962142E-06,0.000300000000001077
12593.265353,0.00396000000000107,0.00689000000000028,-9.99999999962142E-06,0.000270000000000437
12630.165791,0.00366999999999962,0.0064700000000002,9.99999999962142E-06,0.000270000000000437
12667.078595,0.00352999999999959,0.00629999999999953,9.99999999962142E-06,0.000250000000001194
12703.848250,0.00346000000000046,0.00611999999999924,9.99999999962142E-06,0.000270000000000437
12740.731683,0.00319000000000003,0.00611999999999924,9.99999999962142E-06,0.000220000000000553
12777.522980,0.00255000000000116,0.00577999999999967,0,0.000189999999999912
12814.537814,0.00255000000000116,0.00491000000000064,9.99999999962142E-06,0.00017000000000067
12855.534555,0.00194000000000116,0.00422999999999973,9.99999999962142E-06,0.000140000000000029
12892.227534,0.00187000000000026,0.00399999999999956,9.99999999962142E-06,0.000140000000000029
12929.092107,0.00200000000000067,0.00411000000000072,9.99999999962142E-06,0.00017000000000067
12965.987598,0.00219000000000058,0.00436999999999976,9.99999999962142E-06,0.00017000000000067
13002.818779,0.00230999999999959,0.00436999999999976,0,0.00017000000000067
13039.760956,0.00262999999999991,0.00464999999999982,9.99999999962142E-06,0.000189999999999912
13076.591519,0.00262999999999991,0.00498999999999938,-9.99999999962142E-06,0.000189999999999912
13117.438309,0.00293000000000099,0.00526999999999944,9.99999999962142E-06,0.000220000000000553
13154.400891,0.00319000000000003,0.00553000000000026,9.99999999962142E-06,0.000220000000000553
13191.296073,0.00333999999999968,0.00577999999999967,9.99999999962142E-06,0.000250000000001194
13228.176104,0.00352999999999959,0.00600999999999985,4.0000000000262E-05,0.000250000000001194
13265.020271,0.0037300000000009,0.00600999999999985,4.0000000000262E-05,0.000250000000001194
13301.931530,0.0037300000000009,0.00624000000000002,4.0000000000262E-05,0.000270000000000437
13338.721282,0.00396000000000107,0.00643999999999956,4.0000000000262E-05,0.000270000000000437
13379.588477,0.00412000000000035,0.00666000000000011,9.99999999962142E-06,0.000270000000000437
13416.419968,0.00422000000000011,0.0068400000000004,9.99999999962142E-06,0.000270000000000437
13453.446860,0.00446999999999953,0.00706000000000095,9.99999999962142E-06,0.000270000000000437
13490.228263,0.00462000000000096,0.00717000000000034,9.99999999962142E-06,0.000300000000001077
13527.142614,0.00444000000000067,0.00717000000000034,4.0000000000262E-05,0.000270000000000437
13563.979360,0.00444000000000067,0.00699999999999967,4.0000000000262E-05,0.000280000000000058
13600.863721,0.00454000000000043,0.00717000000000034,9.99999999962142E-06,0.000270000000000437
13641.675574,0.00473000000000035,0.00746000000000002,9.99999999962142E-06,0.000270000000000437
13678.597963,0.00492000000000026,0.00768000000000058,4.0000000000262E-05,0.000280000000000058
13715.494690,0.00505000000000067,0.00779999999999959,4.0000000000262E-05,0.000280000000000058
13752.419243,0.00518000000000107,0.00779999999999959,6.00000000012813E-05,0.000329999999999941
13789.324009,0.00544999999999973,0.00807999999999964,4.0000000000262E-05,0.000300000000001077
13826.099539,0.00544999999999973,0.00828000000000095,4.0000000000262E-05,0.000329999999999941
13862.996575,0.00566000000000066,0.00850999999999935,6.00000000012813E-05,0.000329999999999941
13903.921587,0.00581999999999994,0.00886999999999993,4.0000000000262E-05,0.000329999999999941
13940.864691,0.00600999999999985,0.00915999999999961,4.0000000000262E-05,0.000360000000000582
13977.651660,0.00627000000000066,0.00929999999999964,4.0000000000262E-05,0.000329999999999941
14014.507576,0.00632000000000055,0.00929999999999964,6.00000000012813E-05,0.000360000000000582
14051.404922,0.00632000000000055,0.00942000000000043,6.00000000012813E-05,0.000350000000000961
14088.271350,0.00632000000000055,0.00956000000000046,6.00000000012813E-05,0.000360000000000582
14125.243826,0.0065400000000011,0.00975000000000037,4.0000000000262E-05,0.000380000000001601
14166.214906,0.00659000000000098,0.00980999999999987,4.0000000000262E-05,0.000380000000001601
14202.898609,0.00661999999999985,0.00966999999999985,4.0000000000262E-05,0.000380000000001601
14239.762873,0.00635000000000119,0.00946000000000069,6.00000000012813E-05,0.000360000000000582
14276.749262,0.00613000000000063,0.00946000000000069,6.00000000012813E-05,0.000329999999999941
14313.621255,0.00613000000000063,0.0092099999999995,4.0000000000262E-05,0.000329999999999941
14350.596513,0.00585000000000058,0.00878999999999941,9.99999999962142E-06,0.000329999999999941
14387.312680,0.00537000000000099,0.00812999999999953,9.99999999962142E-06,0.000329999999999941
14428.182350,0.00490000000000101,0.00760000000000005,9.99999999962142E-06,0.000270000000000437
14464.997763,0.00459999999999994,0.0071399999999997,9.99999999962142E-06,0.000250000000001194
14501.955089,0.0043299999999995,0.0071399999999997,-9.99999999962142E-06,0.000250000000001194
14538.818425,0.00394000000000005,0.00669000000000075,9.99999999962142E-06,0.000220000000000553
14575.660737,0.00394000000000005,0.00634999999999941,0,0.000189999999999912
14612.482334,0.00364000000000075,0.00611999999999924,9.99999999962142E-06,0.000189999999999912
14649.418327,0.00351000000000035,0.00586999999999982,9.99999999962142E-06,0.000189999999999912
14690.292943,0.00332000000000043,0.00567999999999991,4.0000000000262E-05,0.000189999999999912
14727.239448,0.00308000000000064,0.00549999999999962,4.0000000000262E-05,0.000189999999999912
14764.082688,0.00303000000000075,0.00549999999999962,4.0000000000262E-05,0.000189999999999912
14800.934894,0.00298000000000087,0.00538000000000061,4.0000000000262E-05,0.00017000000000067
14837.883872,0.00298000000000087,0.00533000000000072,4.0000000000262E-05,0.00017000000000067
14874.684754,0.00260000000000105,0.00484999999999935,4.0000000000262E-05,0.000189999999999912
14911.570042,0.00244999999999962,0.00464999999999982,6.00000000012813E-05,0.000189999999999912
14952.490107,0.00230999999999959,0.00450999999999979,6.00000000012813E-05,0.00017000000000067
14989.392709,0.00220999999999982,0.00442999999999927,6.00000000012813E-05,0.00017000000000067
15026.194518,0.00206999999999979,0.00442999999999927,9.00000000001455E-05,0.000140000000000029
15063.021990,0.00206999999999979,0.00427999999999962,6.00000000012813E-05,0.00017000000000067
15099.914079,0.00201999999999991,0.00426000000000037,9.00000000001455E-05,0.000140000000000029
15136.764739,0.00201999999999991,0.00421000000000049,9.00000000001455E-05,0.000140000000000029
15173.636732,0.00201999999999991,0.00417000000000023,6.00000000012813E-05,0.000140000000000029
15214.558962,0.00192000000000014,0.00417000000000023,6.00000000012813E-05,0.00017000000000067
15251.370047,0.00183,0.00413999999999959,6.00000000012813E-05,0.000140000000000029
15288.365093,0.00183,0.00413999999999959,6.00000000012813E-05,0.000140000000000029
15325.235231,0.00183,0.00406000000000084,9.00000000001455E-05,0.000140000000000029
15362.058683,0.00181000000000076,0.00402000000000058,9.00000000001455E-05,0.000140000000000029
15399.063932,0.00173000000000023,0.00394000000000005,6.00000000012813E-05,0.000140000000000029
15435.867596,0.00168000000000035,0.00385999999999953,4.0000000000262E-05,0.000140000000000029
15476.665536,0.00162000000000084,0.00380999999999965,4.0000000000262E-05,0.000140000000000029
15513.653780,0.00157000000000096,0.00380999999999965,4.0000000000262E-05,9.00000000001455E-05
15550.572768,0.00154000000000032,0.00376999999999939,6.00000000012813E-05,0.000110000000001165
15587.325109,0.00154000000000032,0.00369000000000064,6.00000000012813E-05,0.000110000000001165
15624.283982,0.00150999999999968,0.00366,4.0000000000262E-05,0.000110000000001165
15661.109907,0.00149000000000044,0.00364000000000075,6.00000000012813E-05,0.000110000000001165
15697.913262,0.00136000000000003,0.00355000000000061,6.00000000012813E-05,0.000110000000001165
15738.797154,0.00130000000000052,0.00346000000000046,6.00000000012813E-05,0.000110000000001165
15775.666364,0.00144000000000055,0.00346000000000046,6.00000000012813E-05,0.000110000000001165
15812.681816,0.00144000000000055,0.00355000000000061,4.0000000000262E-05,0.000140000000000029
15849.636051,0.00140999999999991,0.00342999999999982,6.00000000012813E-05,0.000110000000001165
15886.310479,0.00117999999999974,0.00314999999999976,6.00000000012813E-05,9.00000000001455E-05
15923.218337,0.00115000000000087,0.00306999999999924,4.0000000000262E-05,9.00000000001455E-05
15960.092803,0.00117999999999974,0.00309999999999988,4.0000000000262E-05,9.00000000001455E-05
16001.001738,0.00117999999999974,0.0031200000000009,4.0000000000262E-05,9.00000000001455E-05
16037.882079,0.00112000000000023,0.0031200000000009,9.99999999962142E-06,9.00000000001455E-05
16074.761801,0.00112000000000023,0.00305999999999962,4.0000000000262E-05,0.000110000000001165
16111.549079,0.00120000000000076,0.0031800000000004,4.0000000000262E-05,9.00000000001455E-05
16148.439005,0.00122999999999962,0.0031800000000004,9.99999999962142E-06,9.00000000001455E-05
16185.361703,0.00133000000000116,0.00327000000000055,6.00000000012813E-05,0.000110000000001165
16222.223184,0.00130000000000052,0.00337999999999994,6.00000000012813E-05,0.000110000000001165
16263.116351,0.00136000000000003,0.00337999999999994,4.0000000000262E-05,0.000110000000001165
16299.952788,0.00144000000000055,0.00342999999999982,4.0000000000262E-05,0.000140000000000029
16336.839622,0.00144000000000055,0.00348999999999933,4.0000000000262E-05,0.000140000000000029
16373.719654,0.00145999999999979,0.00355000000000061,4.0000000000262E-05,0.000110000000001165
16410.592574,0.00145999999999979,0.00360000000000049,4.0000000000262E-05,0.000110000000001165
16447.505379,0.00150999999999968,0.00366,6.00000000012813E-05,0.000140000000000029
16484.363459,0.00157000000000096,0.0037199999999995,6.00000000012813E-05,0.000140000000000029
16521.185983,0.0015900000000002,0.0037199999999995,4.0000000000262E-05,0.000140000000000029
16562.069566,0.00162000000000084,0.00380999999999965,4.0000000000262E-05,0.000140000000000029
16598.970003,0.00162000000000084,0.00383000000000067,4.0000000000262E-05,0.000140000000000029
16635.844470,0.00154000000000032,0.00380999999999965,6.00000000012813E-05,0.000140000000000029
16672.806124,0.00150999999999968,0.00380999999999965,4.0000000000262E-05,0.000140000000000029
16709.615973,0.00162000000000084,0.00389000000000017,4.0000000000262E-05,0.000140000000000029
16746.491057,0.00164999999999971,0.00380999999999965,4.0000000000262E-05,0.000140000000000029
16783.302142,0.00144000000000055,0.00380999999999965,6.00000000012813E-05,0.00017000000000067
16824.382362,0.00144000000000055,0.00357999999999947,6.00000000012813E-05,0.000140000000000029
16861.211998,0.00144000000000055,0.00351999999999997,9.99999999962142E-06,0.000140000000000029
16898.010097,0.00149000000000044,0.00357999999999947,9.99999999962142E-06,0.000140000000000029
16934.870960,0.00149000000000044,0.00364000000000075,9.99999999962142E-06,0.000140000000000029
16971.699359,0.00145999999999979,0.00357999999999947,9.99999999962142E-06,0.000140000000000029
17008.567642,0.00149000000000044,0.00357999999999947,4.0000000000262E-05,0.000140000000000029
17045.436543,0.00145999999999979,0.00362999999999936,9.99999999962142E-06,0.000140000000000029
17086.473168,0.00145999999999979,0.00357999999999947,9.99999999962142E-06,0.000140000000000029
17123.446263,0.00145999999999979,0.00351999999999997,-9.99999999962142E-06,0.000110000000001165
17160.180671,0.00133000000000116,0.00346000000000046,4.0000000000262E-05,0.000110000000001165
17196.995157,0.00133000000000116,0.00341000000000058,4.0000000000262E-05,0.000110000000001165
17233.888484,0.00133000000000116,0.00341000000000058,4.0000000000262E-05,0.000140000000000029
17270.705752,0.00138000000000105,0.00341000000000058,9.99999999962142E-06,0.000110000000001165
17307.664006,0.00150999999999968,0.00357999999999947,4.0000000000262E-05,0.000140000000000029
17348.470294,0.00150999999999968,0.00374000000000052,9.99999999962142E-06,0.000140000000000029
17385.421127,0.00181000000000076,0.00399999999999956,9.99999999962142E-06,0.00017000000000067
17422.308270,0.00205000000000055,0.00426000000000037,-9.99999999962142E-06,0.00017000000000067
17459.214273,0.00219000000000058,0.00442999999999927,-9.99999999962142E-06,0.00017000000000067
17496.051019,0.00225999999999971,0.00459999999999994,9.99999999962142E-06,0.000140000000000029
17532.904771,0.00255000000000116,0.00459999999999994,9.99999999962142E-06,0.000189999999999912
17569.745537,0.00255000000000116,0.00482000000000049,-9.99999999962142E-06,0.000189999999999912
17610.641486,0.00279000000000096,0.00505000000000067,9.99999999962142E-06,0.000189999999999912
17647.557692,0.00271000000000043,0.00488,9.99999999962142E-06,0.000189999999999912
17684.355173,0.00276000000000032,0.00498999999999938,-9.99999999962142E-06,0.000189999999999912
17721.298277,0.00298000000000087,0.00524000000000058,-9.99999999962142E-06,0.000189999999999912
17758.135333,0.00319000000000003,0.00547000000000075,-9.99999999962142E-06,0.000189999999999912
17794.975171,0.00332000000000043,0.00547000000000075,9.99999999962142E-06,0.000220000000000553
17831.904362,0.00332000000000043,0.00563999999999965,-9.99999999962142E-06,0.000250000000001194
17872.801549,0.00342999999999982,0.00577999999999967,-9.99999999962142E-06,0.000250000000001194
17909.583571,0.00370000000000026,0.00599000000000061,9.99999999962142E-06,0.000250000000001194
17946.570578,0.00389000000000017,0.00618000000000052,9.99999999962142E-06,0.000270000000000437
17983.398977,0.00394000000000005,0.00634999999999941,9.99999999962142E-06,0.000250000000001194
18020.254584,0.00403999999999982,0.00634999999999941,9.99999999962142E-06,0.000250000000001194
18057.144818,0.0043299999999995,0.00662999999999947,9.99999999962142E-06,0.000270000000000437
18094.010009,0.0043299999999995,0.0068400000000004,9.99999999962142E-06,0.000270000000000437
18134.879988,0.00441999999999965,0.00694000000000017,-9.99999999962142E-06,0.000270000000000437
18171.790628,0.00441999999999965,0.00706000000000095,9.99999999962142E-06,0.000270000000000437
18208.689520,0.00459999999999994,0.00726000000000049,9.99999999962142E-06,0.000300000000001077
18245.569861,0.00466000000000122,0.00731000000000037,9.99999999962142E-06,0.000300000000001077
18282.455148,0.0047100000000011,0.00731000000000037,9.99999999962142E-06,0.000300000000001077
18319.268707,0.00468000000000046,0.00728999999999935,9.99999999962142E-06,0.000270000000000437
18356.118748,0.00468000000000046,0.00736999999999988,9.99999999962142E-06,0.000300000000001077
18397.059528,0.00486000000000075,0.00765999999999956,9.99999999962142E-06,0.000270000000000437
18433.949454,0.00505000000000067,0.00784999999999947,-1.99999999992428E-05,0.000270000000000437
18470.791147,0.00520999999999994,0.00802000000000014,-1.99999999992428E-05,0.000280000000000058
18507.641189,0.0053200000000011,0.00825000000000031,9.99999999962142E-06,0.000270000000000437
18544.503288,0.00568999999999953,0.00825000000000031,-9.99999999962142E-06,0.000300000000001077
18581.396923,0.00568999999999953,0.00855999999999923,9.99999999962142E-06,0.000300000000001077
18618.406192,0.00595999999999997,0.00882000000000005,-9.99999999962142E-06,0.000329999999999941
18659.253909,0.00614000000000026,0.00929999999999964,9.99999999962142E-06,0.000329999999999941
18696.050154,0.00638000000000005,0.00966999999999985,-9.99999999962142E-06,0.000350000000000961
18732.932350,0.00642999999999994,0.00966999999999985,-9.99999999962142E-06,0.000329999999999941
18769.761058,0.00624999999999964,0.00966999999999985,-9.99999999962142E-06,0.000329999999999941
18806.692413,0.00598000000000098,0.00943999999999967,-9.99999999962142E-06,0.000329999999999941
18843.583266,0.00598000000000098,0.00910000000000011,0,0.000300000000001077
18880.434853,0.00553000000000026,0.00864999999999938,-9.99999999962142E-06,0.000270000000000437
18921.371305,0.00520999999999994,0.00807999999999964,9.99999999962142E-06,0.000270000000000437
18958.117153,0.00481000000000087,0.00749000000000066,9.99999999962142E-06,0.000270000000000437
18995.038924,0.00441999999999965,0.00708999999999982,9.99999999962142E-06,0.000250000000001194
19032.002434,0.00406000000000084,0.00708999999999982,-9.99999999962142E-06,0.000220000000000553
19068.795896,0.00375000000000014,0.00671999999999962,9.99999999962142E-06,0.000220000000000553
19105.687058,0.00375000000000014,0.00632000000000055,4.0000000000262E-05,0.000220000000000553
19142.572036,0.00347999999999971,0.00606999999999935,9.99999999962142E-06,0.000189999999999912
19183.584237,0.00328999999999979,0.00577999999999967,4.0000000000262E-05,0.000189999999999912
19220.343070,0.00305999999999962,0.00553000000000026,4.0000000000262E-05,0.000189999999999912
19257.367798,0.00279000000000096,0.00534000000000034,4.0000000000262E-05,0.00017000000000067
19294.114883,0.00269000000000119,0.00534000000000034,4.0000000000262E-05,0.000189999999999912
19330.982856,0.00269000000000119,0.00519000000000069,6.00000000012813E-05,0.00017000000000067
19367.782193,0.00244999999999962,0.00502000000000002,6.00000000012813E-05,0.00017000000000067
19404.695306,0.00228000000000073,0.00488,6.00000000012813E-05,0.000140000000000029
19445.622792,0.00224000000000046,0.00470999999999933,4.0000000000262E-05,0.000140000000000029
19482.512408,0.00220999999999982,0.00477000000000061,4.0000000000262E-05,0.00017000000000067
19519.339879,0.00192000000000014,0.0043400000000009,9.00000000001455E-05,0.000140000000000029
19556.312046,0.00169999999999959,0.0043400000000009,6.00000000012813E-05,0.000110000000001165
19593.077991,0.00169999999999959,0.00413999999999959,6.00000000012813E-05,0.000110000000001165
19629.951839,0.00162000000000084,0.00406000000000084,4.0000000000262E-05,0.000110000000001165
19666.805282,0.00157000000000096,0.00399999999999956,6.00000000012813E-05,0.000110000000001165
19707.734622,0.00150999999999968,0.00390999999999941,6.00000000012813E-05,0.000110000000001165
19744.556219,0.00145999999999979,0.00394000000000005,6.00000000012813E-05,0.000140000000000029
19781.580637,0.00154000000000032,0.00394000000000005,6.00000000012813E-05,0.000110000000001165
19818.311645,0.0015900000000002,0.0039700000000007,6.00000000012813E-05,0.000140000000000029
19855.194459,0.0015900000000002,0.00402000000000058,9.00000000001455E-05,0.000140000000000029
19892.161061,0.0015900000000002,0.00408000000000008,6.00000000012813E-05,0.000140000000000029
19928.965653,0.00159999999999982,0.00413999999999959,6.00000000012813E-05,0.000140000000000029
19969.901796,0.00164999999999971,0.00420000000000087,6.00000000012813E-05,0.000140000000000029
20006.671451,0.00173000000000023,0.00431000000000026,9.00000000001455E-05,0.00017000000000067
20043.587038,0.00178000000000011,0.00431000000000026,9.00000000001455E-05,0.00017000000000067
20080.460886,0.00178000000000011,0.0044000000000004,9.00000000001455E-05,0.00017000000000067
20117.462734,0.00183,0.00450999999999979,6.00000000012813E-05,0.00017000000000067
20154.274128,0.00194000000000116,0.00463000000000058,6.00000000012813E-05,0.000189999999999912
20191.133136,0.00200000000000067,0.00470999999999933,6.00000000012813E-05,0.000189999999999912
20231.955191,0.00197000000000003,0.00477000000000061,6.00000000012813E-05,0.00017000000000067
20268.846354,0.00206999999999979,0.00488,9.00000000001455E-05,0.00017000000000067
20305.871081,0.00225999999999971,0.00488,6.00000000012813E-05,0.000189999999999912
20342.730397,0.00225999999999971,0.00507999999999953,9.00000000001455E-05,0.000220000000000553
20379.517676,0.00223000000000084,0.00484999999999935,9.00000000001455E-05,0.000189999999999912
20416.342983,0.00210000000000043,0.00473999999999997,6.00000000012813E-05,0.000189999999999912
20453.192097,0.00213000000000108,0.00477000000000061,4.0000000000262E-05,0.000189999999999912
20494.082481,0.00219000000000058,0.00484999999999935,4.0000000000262E-05,0.00017000000000067
20531.097623,0.00223000000000084,0.00484999999999935,4.0000000000262E-05,0.00017000000000067
20567.906544,0.00219000000000058,0.00484999999999935,6.00000000012813E-05,0.000189999999999912
20604.730924,0.00219000000000058,0.00488,4.0000000000262E-05,0.000189999999999912
20641.591477,0.00230999999999959,0.00491000000000064,4.0000000000262E-05,0.000189999999999912
20678.484494,0.00225999999999971,0.00488,6.00000000012813E-05,0.000189999999999912
20715.317840,0.00225999999999971,0.00484999999999935,9.00000000001455E-05,0.000189999999999912
20756.276553,0.00210000000000043,0.00477000000000061,9.00000000001455E-05,0.000189999999999912
20793.111444,0.00201999999999991,0.00477000000000061,6.00000000012813E-05,0.000189999999999912
20829.971070,0.00187000000000026,0.0045699999999993,4.0000000000262E-05,0.00017000000000067
20866.877073,0.00187000000000026,0.00431000000000026,4.0000000000262E-05,0.00017000000000067
20903.721549,0.00186000000000064,0.00427999999999962,4.0000000000262E-05,0.00017000000000067
20940.634972,0.00194000000000116,0.0044000000000004,6.00000000012813E-05,0.00017000000000067
20977.526443,0.00219000000000058,0.00459999999999994,6.00000000012813E-05,0.00017000000000067
21018.381272,0.00244999999999962,0.00482000000000049,4.0000000000262E-05,0.000189999999999912
21055.251719,0.00269000000000119,0.00482000000000049,4.0000000000262E-05,0.000220000000000553
21092.140099,0.00269000000000119,0.00510000000000055,6.00000000012813E-05,0.000220000000000553
21128.966952,0.00293000000000099,0.00535999999999959,6.00000000012813E-05,0.000250000000001194
21166.012085,0.00308000000000064,0.00558999999999976,6.00000000012813E-05,0.000250000000001194
21202.892425,0.00340000000000096,0.00586999999999982,4.0000000000262E-05,0.000250000000001194
21239.663935,0.00366999999999962,0.00614999999999988,4.0000000000262E-05,0.000250000000001194
21280.596677,0.00361999999999973,0.00614999999999988,4.0000000000262E-05,0.000270000000000437
21317.404052,0.00384999999999991,0.00606999999999935,6.00000000012813E-05,0.000250000000001194
21354.308509,0.00384999999999991,0.00638000000000005,4.0000000000262E-05,0.000270000000000437
21391.236772,0.00408999999999971,0.0067800000000009,4.0000000000262E-05,0.000300000000001077
21428.005190,0.00441000000000003,0.00717000000000034,6.00000000012813E-05,0.000300000000001077
21464.853995,0.00462000000000096,0.00754000000000055,9.00000000001455E-05,0.000300000000001077
21501.734336,0.00492000000000026,0.00802999999999976,9.00000000001455E-05,0.000300000000001077
21542.672952,0.00529000000000046,0.00802999999999976,9.00000000001455E-05,0.000300000000001077
21579.560404,0.00544999999999973,0.0083000000000002,6.00000000012813E-05,0.000300000000001077
21616.648513,0.00544999999999973,0.00841999999999921,6.00000000012813E-05,0.000300000000001077
21653.332525,0.00539000000000023,0.00853000000000037,4.0000000000262E-05,0.000300000000001077
21690.125678,0.00548000000000037,0.00876000000000055,9.99999999962142E-06,0.000300000000001077
21726.970154,0.00568999999999953,0.00885000000000069,9.99999999962142E-06,0.000300000000001077
21763.837200,0.00577000000000005,0.00887999999999955,9.99999999962142E-06,0.000300000000001077
21800.836575,0.00585000000000058,0.00887999999999955,9.99999999962142E-06,0.000300000000001077
21841.737780,0.00585000000000058,0.00900999999999996,0,0.000329999999999941
21878.526604,0.00595999999999997,0.00906999999999947,9.99999999962142E-06,0.000329999999999941
21915.491042,0.00605999999999973,0.00918000000000063,9.99999999962142E-06,0.000329999999999941
21952.242455,0.00598000000000098,0.00906999999999947,9.99999999962142E-06,0.000329999999999941
21989.107955,0.00613000000000063,0.00932000000000066,9.99999999962142E-06,0.000329999999999941
22026.024779,0.00627000000000066,0.00961000000000034,9.99999999962142E-06,0.000329999999999941
22062.908521,0.00640000000000107,0.00961000000000034,9.99999999962142E-06,0.000329999999999941
22103.791485,0.00640000000000107,0.00977999999999923,0,0.000329999999999941
22140.698106,0.00649000000000122,0.00984000000000052,-9.99999999962142E-06,0.000360000000000582
22177.571645,0.00675999999999988,0.0101499999999994,9.99999999962142E-06,0.000360000000000582
22214.378092,0.00694000000000017,0.0102100000000007,9.99999999962142E-06,0.000360000000000582
22251.389834,0.00685000000000002,0.0102100000000007,9.99999999962142E-06,0.000360000000000582
22288.219470,0.00673000000000101,0.0102100000000007,9.99999999962142E-06,0.000360000000000582
22325.058381,0.00649000000000122,0.0101200000000006,0,0.000360000000000582
22365.986485,0.00649000000000122,0.00977999999999923,9.99999999962142E-06,0.000300000000001077
22402.840236,0.00608000000000075,0.00927000000000078,9.99999999962142E-06,0.000270000000000437
22439.754587,0.00572000000000017,0.00882000000000005,9.99999999962142E-06,0.000270000000000437
22476.622251,0.00525999999999982,0.00833000000000084,9.99999999962142E-06,0.000280000000000058
22513.432718,0.00488999999999962,0.00763000000000069,9.99999999962142E-06,0.000270000000000437
22550.319551,0.00441999999999965,0.00763000000000069,9.99999999962142E-06,0.000220000000000553
22587.132182,0.00408999999999971,0.00708999999999982,9.99999999962142E-06,0.000189999999999912
22628.043900,0.00408999999999971,0.00675000000000026,9.99999999962142E-06,0.00017000000000067
22664.927951,0.00384999999999991,0.00638000000000005,-9.99999999962142E-06,0.00017000000000067
22701.869509,0.00359000000000087,0.00606999999999935,9.99999999962142E-06,0.00017000000000067
22738.666062,0.00333999999999968,0.00584000000000096,9.99999999962142E-06,0.00017000000000067
22775.587833,0.00328999999999979,0.00572999999999979,9.99999999962142E-06,0.000140000000000029
22812.388097,0.00319000000000003,0.00572999999999979,-9.99999999962142E-06,0.000140000000000029
22849.308940,0.00319000000000003,0.00553000000000026,-9.99999999962142E-06,0.00017000000000067
22890.164696,0.00295000000000023,0.00539000000000023,9.99999999962142E-06,0.000140000000000029
22927.051221,0.0028800000000011,0.00530000000000008,9.99999999962142E-06,0.000140000000000029
22963.908682,0.00269000000000119,0.00510000000000055,-1.99999999992428E-05,0.000140000000000029
23000.792115,0.00247000000000064,0.00492999999999988,-1.99999999992428E-05,0.000140000000000029
23037.649267,0.00244999999999962,0.00492999999999988,9.99999999962142E-06,0.000140000000000029
23074.564545,0.00244999999999962,0.00484999999999935,-9.99999999962142E-06,0.000110000000001165
23111.530838,0.00244999999999962,0.00484999999999935,0,0.000110000000001165
23152.439154,0.00219000000000058,0.00448000000000093,9.99999999962142E-06,0.000110000000001165
23189.187785,0.00197000000000003,0.00427999999999962,9.99999999962142E-06,0.000110000000001165
23226.087604,0.00192000000000014,0.00421000000000049,9.99999999962142E-06,0.000110000000001165
23262.972583,0.0018899999999995,0.00411000000000072,9.99999999962142E-06,9.00000000001455E-05
23300.026991,0.00181000000000076,0.00411000000000072,9.99999999962142E-06,9.00000000001455E-05
23336.822308,0.00169999999999959,0.00402000000000058,9.99999999962142E-06,9.00000000001455E-05
23373.620408,0.00169999999999959,0.0039700000000007,9.99999999962142E-06,0.000110000000001165
23414.486057,0.00181000000000076,0.00399999999999956,9.99999999962142E-06,0.000110000000001165
23451.395770,0.00183,0.0039700000000007,9.99999999962142E-06,0.000110000000001165
23488.301773,0.00181000000000076,0.00399999999999956,9.99999999962142E-06,0.000110000000001165
23525.157689,0.00181000000000076,0.00402000000000058,4.0000000000262E-05,9.00000000001455E-05
23562.010204,0.00192000000000014,0.00402000000000058,9.99999999962142E-06,0.000110000000001165
23598.850042,0.00192000000000014,0.00408999999999971,9.99999999962142E-06,0.000140000000000029
23635.652470,0.00194000000000116,0.00408000000000008,9.99999999962142E-06,0.000140000000000029
23676.596033,0.00194000000000116,0.00408000000000008,4.0000000000262E-05,0.000140000000000029
23713.479775,0.00192000000000014,0.00402000000000058,9.99999999962142E-06,0.000140000000000029
23750.429681,0.0018899999999995,0.00402000000000058,9.99999999962142E-06,0.000110000000001165
23787.222215,0.0018899999999995,0.0039700000000007,9.99999999962142E-06,0.000110000000001165
23824.058652,0.00181000000000076,0.0039700000000007,9.99999999962142E-06,0.000110000000001165
23860.958471,0.00181000000000076,0.0039700000000007,9.99999999962142E-06,0.000110000000001165
23897.772957,0.00181000000000076,0.00394000000000005,9.99999999962142E-06,0.000110000000001165
23938.722085,0.00183,0.00394000000000005,9.99999999962142E-06,0.000110000000001165
23975.564397,0.00176000000000087,0.00385999999999953,9.99999999962142E-06,0.000140000000000029
24012.622516,0.00169999999999959,0.00380999999999965,9.99999999962142E-06,9.00000000001455E-05
24049.419997,0.00178000000000011,0.00380999999999965,9.99999999962142E-06,0.000110000000001165
24086.188106,0.00183,0.00390999999999941,-9.99999999962142E-06,0.000110000000001165
24123.086379,0.00183,0.00380999999999965,9.99999999962142E-06,0.000110000000001165
24159.931783,0.0015900000000002,0.00355000000000061,9.99999999962142E-06,0.000110000000001165
24200.879674,0.00157000000000096,0.00351999999999997,9.99999999962142E-06,0.000110000000001165
24237.715803,0.00154000000000032,0.00357999999999947,9.99999999962142E-06,0.000110000000001165
24274.667564,0.00157000000000096,0.00357999999999947,9.99999999962142E-06,0.000110000000001165
24311.437219,0.00150999999999968,0.00357999999999947,4.0000000000262E-05,0.000110000000001165
24348.368883,0.00150999999999968,0.00357999999999947,9.99999999962142E-06,0.000110000000001165
24385.304876,0.00163000000000046,0.00366,9.99999999962142E-06,0.000110000000001165
24422.136367,0.00157000000000096,0.00366,9.99999999962142E-06,0.000110000000001165
24462.957804,0.0015900000000002,0.0037199999999995,9.99999999962142E-06,0.000110000000001165
24499.855768,0.00173000000000023,0.00385999999999953,9.99999999962142E-06,0.000110000000001165
24536.681075,0.00201999999999991,0.0039700000000007,-9.99999999962142E-06,0.000140000000000029
24573.642730,0.00219000000000058,0.0039700000000007,9.99999999962142E-06,0.00017000000000067
24610.601602,0.00219000000000058,0.00408000000000008,9.99999999962142E-06,0.00017000000000067
24647.481943,0.00239000000000011,0.00431000000000026,9.99999999962142E-06,0.000189999999999912
24684.199038,0.00276000000000032,0.00459999999999994,-9.99999999962142E-06,0.000189999999999912
24725.111992,0.00295000000000023,0.00468000000000046,9.99999999962142E-06,0.000220000000000553
24761.967599,0.0031099999999995,0.00477000000000061,9.99999999962142E-06,0.000220000000000553
24798.994181,0.00327000000000055,0.00477000000000061,9.99999999962142E-06,0.000220000000000553
24835.833401,0.00327000000000055,0.00488,9.99999999962142E-06,0.000220000000000553
24872.632428,0.00327000000000055,0.00482000000000049,9.99999999962142E-06,0.000220000000000553
24909.500711,0.00327000000000055,0.00473999999999997,9.99999999962142E-06,0.000250000000001194
24946.403003,0.00342999999999982,0.00470999999999933,9.99999999962142E-06,0.000250000000001194
24987.260615,0.00352999999999959,0.00463000000000058,9.99999999962142E-06,0.000250000000001194
25024.156415,0.00319999999999965,0.00427999999999962,9.99999999962142E-06,0.000250000000001194
25061.018823,0.00330000000000119,0.00427999999999962,9.99999999962142E-06,0.000250000000001194
25097.969966,0.00364000000000075,0.0044000000000004,-9.99999999962142E-06,0.000220000000000553
25134.739621,0.00364000000000075,0.00473999999999997,9.99999999962142E-06,0.000250000000001194
25171.620580,0.00378000000000078,0.00505000000000067,9.99999999962142E-06,0.000250000000001194
25208.494737,0.00366999999999962,0.00514000000000081,-9.99999999962142E-06,0.000250000000001194
25249.381102,0.00364000000000075,0.00538000000000061,-9.99999999962142E-06,0.000250000000001194
25286.357907,0.00378000000000078,0.0056200000000004,9.99999999962142E-06,0.000220000000000553
25323.183214,0.00383000000000067,0.0056200000000004,9.99999999962142E-06,0.000250000000001194
25360.012231,0.00383000000000067,0.00576000000000043,9.99999999962142E-06,0.000220000000000553
25396.877731,0.00378000000000078,0.00599000000000061,-9.99999999962142E-06,0.000220000000000553
25433.693454,0.00384999999999991,0.00624000000000002,-9.99999999962142E-06,0.000250000000001194
25470.700867,0.00407000000000046,0.0064700000000002,-9.99999999962142E-06,0.000250000000001194
25511.518904,0.00415000000000099,0.00662999999999947,-9.99999999962142E-06,0.000250000000001194
25548.340191,0.00413999999999959,0.0067800000000009,-1.99999999992428E-05,0.000250000000001194
25585.305247,0.00427999999999962,0.0067800000000009,-9.99999999962142E-06,0.000220000000000553
25622.225781,0.00427999999999962,0.00697000000000081,9.99999999962142E-06,0.000250000000001194
25659.042122,0.00441999999999965,0.00703000000000031,-9.99999999962142E-06,0.000250000000001194
25695.892164,0.00452000000000119,0.00703000000000031,9.99999999962142E-06,0.000250000000001194
25732.922456,0.00449000000000055,0.00706000000000095,9.99999999962142E-06,0.000250000000001194
25773.629807,0.00454000000000043,0.00728999999999935,9.99999999962142E-06,0.000250000000001194
25810.490978,0.00459999999999994,0.00728999999999935,9.99999999962142E-06,0.000250000000001194
25847.401928,0.00500000000000078,0.00750999999999991,9.99999999962142E-06,0.000270000000000437
25884.285979,0.00500000000000078,0.00775999999999932,-9.99999999962142E-06,0.000270000000000437
25921.195692,0.00506999999999991,0.00793999999999961,9.99999999962142E-06,0.000270000000000437
25958.037385,0.0053200000000011,0.00819000000000081,-9.99999999962142E-06,0.000270000000000437
25994.852180,0.00563999999999965,0.00839000000000034,-9.99999999962142E-06,0.000300000000001077
26035.767917,0.00568999999999953,0.00858999999999988,9.99999999962142E-06,0.000300000000001077
26072.714731,0.00581999999999994,0.00858999999999988,-9.99999999962142E-06,0.000280000000000058
26109.707922,0.00581999999999994,0.00892999999999944,9.99999999962142E-06,0.000300000000001077
26146.503548,0.00605999999999973,0.00910000000000011,9.99999999962142E-06,0.000300000000001077
26183.302266,0.0061700000000009,0.0092099999999995,9.99999999962142E-06,0.000329999999999941
26220.128501,0.00632000000000055,0.00947000000000031,-9.99999999962142E-06,0.000329999999999941
26257.013479,0.00652000000000008,0.00966999999999985,-9.99999999962142E-06,0.000329999999999941
26298.023825,0.00670000000000037,0.00980999999999987,9.99999999962142E-06,0.000360000000000582
26334.925808,0.00665000000000049,0.00980999999999987,-9.99999999962142E-06,0.000350000000000961
26371.701028,0.00665000000000049,0.00980999999999987,0,0.000350000000000961
26408.541485,0.00685999999999964,0.0101200000000006,9.99999999962142E-06,0.000350000000000961
26472.289735,0.00702000000000069,0.0103200000000001,9.99999999962142E-06,0.000350000000000961
26482.914649,0.0071500000000011,0.0104299999999995,-9.99999999962142E-06,0.000350000000000961
26519.251764,0.00722999999999985,0.0105400000000007,-9.99999999962142E-06,0.000360000000000582
26560.190689,0.00740000000000052,0.0105400000000007,9.99999999962142E-06,0.000360000000000582
26597.087107,0.00732999999999961,0.010720000000001,9.99999999962142E-06,0.000380000000001601
26633.953226,0.00732999999999961,0.0105699999999995,9.99999999962142E-06,0.000329999999999941
26670.912716,0.00703999999999994,0.01037,9.99999999962142E-06,0.000329999999999941
26707.684845,0.00685000000000002,0.0101499999999994,9.99999999962142E-06,0.000329999999999941
26744.482326,0.0065400000000011,0.00977999999999923,9.99999999962142E-06,0.000329999999999941
26781.535806,0.00629999999999953,0.00950000000000095,9.99999999962142E-06,0.000329999999999941
26822.289225,0.00610999999999962,0.00950000000000095,9.99999999962142E-06,0.000300000000001077
26859.176058,0.00585000000000058,0.00918000000000063,9.99999999962142E-06,0.000270000000000437
26896.064747,0.00585000000000058,0.00896000000000008,9.99999999962142E-06,0.000250000000001194
26932.938595,0.00549999999999962,0.00844999999999985,9.99999999962142E-06,0.000270000000000437
26969.829139,0.00534000000000034,0.00825000000000031,9.99999999962142E-06,0.000270000000000437
27006.725866,0.00510000000000055,0.00797000000000025,9.99999999962142E-06,0.000250000000001194
27043.558903,0.00483999999999973,0.00756999999999941,9.99999999962142E-06,0.000220000000000553
27084.414041,0.00454000000000043,0.00756999999999941,-1.99999999992428E-05,0.000220000000000553
27121.313241,0.00454000000000043,0.00717000000000034,0,0.000220000000000553
27158.289118,0.00438000000000116,0.00703000000000031,9.99999999962142E-06,0.000220000000000553
27195.111334,0.00425000000000075,0.0067800000000009,-9.99999999962142E-06,0.000220000000000553
27232.002187,0.00401000000000096,0.00648999999999944,9.99999999962142E-06,0.000220000000000553
27268.806160,0.00380000000000003,0.00634999999999941,9.99999999962142E-06,0.000189999999999912
27305.661458,0.00375000000000014,0.00634999999999941,9.99999999962142E-06,0.000189999999999912
27342.546127,0.00361999999999973,0.00620999999999938,9.99999999962142E-06,0.000220000000000553
27383.728376,0.00361999999999973,0.00614999999999988,9.99999999962142E-06,0.000189999999999912
27420.361065,0.00352999999999959,0.00606999999999935,9.99999999962142E-06,0.000189999999999912
27457.199666,0.00352999999999959,0.00599000000000061,9.99999999962142E-06,0.000189999999999912
27494.125766,0.00351000000000035,0.00590000000000046,9.99999999962142E-06,0.000189999999999912
27531.002087,0.0031099999999995,0.00542000000000087,9.99999999962142E-06,0.00017000000000067
27567.806061,0.00293000000000099,0.00542000000000087,9.99999999962142E-06,0.00017000000000067
27604.738035,0.00281999999999982,0.00519000000000069,9.99999999962142E-06,0.00017000000000067
27645.706023,0.00281999999999982,0.00507999999999953,0,0.00017000000000067
27682.552045,0.00271000000000043,0.00491000000000064,9.99999999962142E-06,0.00017000000000067
27719.327574,0.00255000000000116,0.00473999999999997,9.99999999962142E-06,0.00017000000000067
27756.329422,0.00255000000000116,0.00473999999999997,9.99999999962142E-06,0.00017000000000067
27793.097222,0.0024999999999995,0.00464999999999982,-9.99999999962142E-06,0.00017000000000067
27829.916346,0.00247000000000064,0.00464999999999982,9.99999999962142E-06,0.000189999999999912
27867.089169,0.00247000000000064,0.00459999999999994,9.99999999962142E-06,0.000140000000000029
27907.700365,0.00234000000000023,0.00454000000000043,9.99999999962142E-06,0.000140000000000029
27944.588436,0.00234000000000023,0.00450999999999979,9.99999999962142E-06,0.00017000000000067
27981.509588,0.00230999999999959,0.00445999999999991,9.99999999962142E-06,0.00017000000000067
28018.333968,0.00228000000000073,0.0044000000000004,9.99999999962142E-06,0.00017000000000067
28055.187410,0.00225999999999971,0.00436999999999976,9.99999999962142E-06,0.00017000000000067
28092.141335,0.00220999999999982,0.00436999999999976,9.99999999962142E-06,0.00017000000000067
28128.953966,0.00220999999999982,0.00431000000000026,9.99999999962142E-06,0.00017000000000067
28169.808795,0.00219000000000058,0.00426000000000037,9.99999999962142E-06,0.00017000000000067
28206.698411,0.00213000000000108,0.00422999999999973,9.99999999962142E-06,0.00017000000000067
28243.653882,0.00210000000000043,0.00421000000000049,9.99999999962142E-06,0.00017000000000067
28280.590494,0.00210000000000043,0.00417000000000023,9.99999999962142E-06,0.000140000000000029
28317.353037,0.00197000000000003,0.00417000000000023,9.99999999962142E-06,0.00017000000000067
28354.227195,0.00200000000000067,0.00411000000000072,9.99999999962142E-06,0.000140000000000029
28391.116193,0.00200000000000067,0.00413999999999959,0,0.00017000000000067
28431.969166,0.00215000000000032,0.00426000000000037,9.99999999962142E-06,0.00017000000000067
28468.866203,0.00201999999999991,0.0039700000000007,4.0000000000262E-05,0.00017000000000067
28505.752727,0.00183,0.00380999999999965,4.0000000000262E-05,0.00017000000000067
28542.621319,0.00186000000000064,0.00374000000000052,-9.99999999962142E-06,0.000140000000000029
28579.514336,0.00183,0.00374000000000052,9.99999999962142E-06,0.000140000000000029
28616.366542,0.00183,0.00380999999999965,0,0.000140000000000029
28653.343347,0.00183,0.00374000000000052,9.99999999962142E-06,0.000140000000000029
28694.225383,0.00178000000000011,0.00374000000000052,9.99999999962142E-06,0.000140000000000029
28731.003077,0.0018899999999995,0.00376999999999939,9.99999999962142E-06,0.000140000000000029
28767.867031,0.00186000000000064,0.00374000000000052,9.99999999962142E-06,0.00017000000000067
28804.901961,0.00183999999999962,0.00380999999999965,9.99999999962142E-06,0.00017000000000067
28841.679346,0.00183,0.00380999999999965,9.99999999962142E-06,0.000140000000000029
28878.498778,0.00183,0.00389000000000017,-9.99999999962142E-06,0.00017000000000067
28915.416530,0.0018899999999995,0.00389000000000017,-9.99999999962142E-06,0.00017000000000067
28956.211069,0.0018899999999995,0.00392000000000081,-9.99999999962142E-06,0.00017000000000067
28993.091100,0.00192000000000014,0.00392000000000081,0,0.00017000000000067
29029.989064,0.00192000000000014,0.00394000000000005,0,0.000140000000000029
29066.933714,0.00192000000000014,0.00394000000000005,4.0000000000262E-05,0.00017000000000067
29103.798905,0.00192000000000014,0.00399999999999956,-9.99999999962142E-06,0.000140000000000029
29140.618957,0.00192000000000014,0.00399999999999956,9.99999999962142E-06,0.00017000000000067
29177.515065,0.00194000000000116,0.00408000000000008,9.99999999962142E-06,0.00017000000000067
29218.375459,0.00200000000000067,0.00408000000000008,9.99999999962142E-06,0.00017000000000067
29255.218390,0.00192000000000014,0.00408000000000008,9.99999999962142E-06,0.00017000000000067
29292.163967,0.00194000000000116,0.00413999999999959,9.99999999962142E-06,0.00017000000000067
29329.043690,0.00206999999999979,0.00413999999999959,4.0000000000262E-05,0.00017000000000067
29365.968861,0.00206999999999979,0.00426000000000037,9.99999999962142E-06,0.00017000000000067
29402.809627,0.00206999999999979,0.00408000000000008,9.99999999962142E-06,0.00017000000000067
29439.662451,0.0018899999999995,0.00389000000000017,9.99999999962142E-06,0.000140000000000029
29480.506150,0.00192000000000014,0.00385999999999953,-9.99999999962142E-06,0.000140000000000029
29517.544790,0.00192000000000014,0.00385999999999953,-9.99999999962142E-06,0.00017000000000067
29554.320628,0.00186000000000064,0.00383000000000067,9.99999999962142E-06,0.000140000000000029
29591.148718,0.00181000000000076,0.00383000000000067,9.99999999962142E-06,0.000140000000000029
29628.006798,0.00181000000000076,0.00376999999999939,9.99999999962142E-06,0.000140000000000029
29664.878173,0.00197000000000003,0.0039700000000007,9.99999999962142E-06,0.000140000000000029
29701.785103,0.00213000000000108,0.00411000000000072,9.99999999962142E-06,0.00017000000000067
29742.611178,0.00237000000000087,0.00436999999999976,-9.99999999962142E-06,0.00017000000000067
29779.540060,0.00255000000000116,0.00470999999999933,-9.99999999962142E-06,0.00017000000000067
29816.442043,0.00284000000000084,0.00502000000000002,9.99999999962142E-06,0.000189999999999912
29853.420703,0.0031099999999995,0.00502000000000002,9.99999999962142E-06,0.000189999999999912
29890.132851,0.0031099999999995,0.00528000000000084,9.99999999962142E-06,0.000220000000000553
29926.965269,0.00333999999999968,0.0055600000000009,-9.99999999962142E-06,0.000220000000000553
29963.961552,0.00352999999999959,0.00581000000000031,-9.99999999962142E-06,0.000220000000000553
30004.749598,0.00383000000000067,0.00606999999999935,-9.99999999962142E-06,0.000250000000001194
30041.603350,0.00402000000000058,0.00629999999999953,-9.99999999962142E-06,0.000250000000001194
30078.638589,0.00408999999999971,0.00629999999999953,9.99999999962142E-06,0.000250000000001194
30115.491413,0.00426000000000037,0.0064700000000002,9.99999999962142E-06,0.000270000000000437
30152.315792,0.00426000000000037,0.00666000000000011,9.99999999962142E-06,0.000270000000000437
30189.150684,0.00444000000000067,0.0068400000000004,-9.99999999962142E-06,0.000300000000001077
30226.044010,0.00449000000000055,0.00680999999999976,9.99999999962142E-06,0.000300000000001077
30266.910897,0.00449000000000055,0.00685999999999964,9.99999999962142E-06,0.000300000000001077
30303.752900,0.00468000000000046,0.00712000000000046,9.99999999962142E-06,0.000300000000001077
30340.615927,0.00490000000000101,0.00712000000000046,9.99999999962142E-06,0.000280000000000058
30377.635398,0.00490000000000101,0.00740000000000052,9.99999999962142E-06,0.000300000000001077
30414.432879,0.00505000000000067,0.00756999999999941,-9.99999999962142E-06,0.000300000000001077
30451.298997,0.00513000000000119,0.00770999999999944,-9.99999999962142E-06,0.000329999999999941
30488.160788,0.00542000000000087,0.00797000000000025,9.99999999962142E-06,0.000329999999999941
30529.072196,0.00561000000000078,0.00816000000000017,9.99999999962142E-06,0.000350000000000961
30565.942643,0.00563999999999965,0.00839000000000034,9.99999999962142E-06,0.000329999999999941
30602.883274,0.00574000000000119,0.00839000000000034,-9.99999999962142E-06,0.000329999999999941
30639.684774,0.00574000000000119,0.00864999999999938,-9.99999999962142E-06,0.000329999999999941
30676.568516,0.00595999999999997,0.00883999999999929,9.99999999962142E-06,0.000329999999999941
30713.363524,0.00603000000000087,0.00892999999999944,9.99999999962142E-06,0.000329999999999941
30750.386086,0.00605999999999973,0.00900999999999996,9.99999999962142E-06,0.000329999999999941
30791.154036,0.00619000000000014,0.00914999999999999,9.99999999962142E-06,0.000329999999999941
30828.098686,0.0061700000000009,0.00914999999999999,9.99999999962142E-06,0.000360000000000582
30864.957075,0.00613000000000063,0.00924000000000014,-9.99999999962142E-06,0.000350000000000961
30901.880701,0.00613000000000063,0.00910000000000011,0,0.000329999999999941
30938.792887,0.00627000000000066,0.00927000000000078,9.99999999962142E-06,0.000329999999999941
30975.475354,0.00642999999999994,0.0095200000000002,0,0.000329999999999941
31012.386304,0.00656999999999996,0.00970000000000049,9.99999999962142E-06,0.000360000000000582
31053.453538,0.00665000000000049,0.00975000000000037,9.99999999962142E-06,0.000360000000000582
31090.168777,0.00675999999999988,0.00975000000000037,9.99999999962142E-06,0.000360000000000582
31127.066123,0.00680999999999976,0.00991999999999926,-9.99999999962142E-06,0.000360000000000582
31163.911836,0.00680999999999976,0.00984000000000052,9.99999999962142E-06,0.000360000000000582
31200.851230,0.00661999999999985,0.0095799999999997,-9.99999999962142E-06,0.000329999999999941
31237.686122,0.00638000000000005,0.00946000000000069,9.99999999962142E-06,0.000329999999999941
31274.619950,0.00624999999999964,0.0092099999999995,9.99999999962142E-06,0.000360000000000582
31315.477871,0.00595999999999997,0.00883999999999929,-9.99999999962142E-06,0.000329999999999941
31352.275352,0.00563999999999965,0.00883999999999929,9.99999999962142E-06,0.000329999999999941
31389.208871,0.00563999999999965,0.00848000000000049,-9.99999999962142E-06,0.000300000000001077
31426.121985,0.00534000000000034,0.00807999999999964,-9.99999999962142E-06,0.000270000000000437
31462.999543,0.00502999999999965,0.00764999999999993,0,0.000270000000000437
31500.083942,0.00452000000000119,0.00699999999999967,9.99999999962142E-06,0.000270000000000437
31536.712302,0.00422000000000011,0.00657999999999959,9.99999999962142E-06,0.000250000000001194
31577.558474,0.00391000000000119,0.00657999999999959,-9.99999999962142E-06,0.000250000000001194
31614.462313,0.00366999999999962,0.00628999999999991,9.99999999962142E-06,0.000220000000000553
31651.331214,0.00366999999999962,0.00595999999999997,9.99999999962142E-06,0.000220000000000553
31688.246183,0.00346000000000046,0.00567999999999991,9.99999999962142E-06,0.000189999999999912
31725.112610,0.00337000000000032,0.00558999999999976,9.99999999962142E-06,0.000189999999999912
31762.011811,0.00323999999999991,0.00547000000000075,9.99999999962142E-06,0.000220000000000553
31798.837428,0.00317000000000078,0.00534000000000034,9.99999999962142E-06,0.000189999999999912
31839.699677,0.00300000000000011,0.00534000000000034,-9.99999999962142E-06,0.000189999999999912
31876.551573,0.00300000000000011,0.00530000000000008,9.99999999962142E-06,0.000220000000000553
31913.593614,0.00300000000000011,0.00524000000000058,9.99999999962142E-06,0.000189999999999912
31950.375018,0.00293000000000099,0.00514000000000081,0,0.000189999999999912
31987.342547,0.00271000000000043,0.00498999999999938,9.99999999962142E-06,0.000189999999999912
32024.056859,0.00269000000000119,0.00492999999999988,9.99999999962142E-06,0.00017000000000067
32060.917413,0.00271000000000043,0.00496000000000052,9.99999999962142E-06,0.000189999999999912
32101.897459,0.00266000000000055,0.00496000000000052,9.99999999962142E-06,0.000189999999999912
32138.772543,0.00266000000000055,0.00470999999999933,9.99999999962142E-06,0.00017000000000067
32175.661541,0.00234000000000023,0.00442999999999927,9.99999999962142E-06,0.00017000000000067
32212.488703,0.00225999999999971,0.0043400000000009,9.99999999962142E-06,0.00017000000000067
32249.368735,0.00219000000000058,0.00427999999999962,9.99999999962142E-06,0.00017000000000067
32286.266699,0.00213000000000108,0.00417000000000023,9.99999999962142E-06,0.00017000000000067
32323.062943,0.00206999999999979,0.00413999999999959,9.99999999962142E-06,0.00017000000000067
32364.004651,0.00213000000000108,0.00413999999999959,9.99999999962142E-06,0.000140000000000029
32400.862422,0.00213000000000108,0.00417000000000023,9.99999999962142E-06,0.00017000000000067
32437.762860,0.00206999999999979,0.00411000000000072,9.99999999962142E-06,0.00017000000000067
32474.566215,0.00206999999999979,0.00413999999999959,-9.99999999962142E-06,0.00017000000000067
32511.567754,0.00200000000000067,0.00417000000000023,9.99999999962142E-06,0.00017000000000067
32548.407901,0.00201999999999991,0.00417000000000023,9.99999999962142E-06,0.00017000000000067
32585.229498,0.00200000000000067,0.00417000000000023,9.99999999962142E-06,0.00017000000000067
32626.149873,0.00197000000000003,0.00417000000000023,4.0000000000262E-05,0.00017000000000067
32662.977963,0.00197000000000003,0.00413999999999959,9.99999999962142E-06,0.00017000000000067
32699.955076,0.00197000000000003,0.00413999999999959,4.0000000000262E-05,0.00017000000000067
32736.739263,0.00197000000000003,0.00412000000000035,9.99999999962142E-06,0.00017000000000067
32773.646193,0.00192000000000014,0.00412000000000035,9.99999999962142E-06,0.000140000000000029
32810.510457,0.00194000000000116,0.00413999999999959,9.99999999962142E-06,0.00017000000000067
32847.348749,0.00194000000000116,0.00413999999999959,4.0000000000262E-05,0.00017000000000067
32884.182713,0.00192000000000014,0.00413999999999959,9.99999999962142E-06,0.00017000000000067
32925.129368,0.00192000000000014,0.00412000000000035,4.0000000000262E-05,0.000140000000000029
32962.095660,0.00183,0.00413999999999959,4.0000000000262E-05,0.00017000000000067
32998.883248,0.00194000000000116,0.00420000000000087,9.99999999962142E-06,0.00017000000000067
33035.747821,0.00210000000000043,0.00431000000000026,9.99999999962142E-06,0.00017000000000067
33072.760799,0.00183,0.00394000000000005,6.00000000012813E-05,0.00017000000000067
33109.539420,0.00181000000000076,0.00394000000000005,4.0000000000262E-05,0.00017000000000067
33146.376785,0.00181000000000076,0.00394000000000005,9.99999999962142E-06,0.00017000000000067
33187.272116,0.00186000000000064,0.0039700000000007,9.99999999962142E-06,0.00017000000000067
33224.166061,0.00187000000000026,0.00402000000000058,9.99999999962142E-06,0.00017000000000067
33261.025378,0.00183,0.0039700000000007,4.0000000000262E-05,0.00017000000000067
33297.949622,0.00181000000000076,0.00402000000000058,4.0000000000262E-05,0.00017000000000067
33334.675064,0.00187000000000026,0.00402000000000058,4.0000000000262E-05,0.000140000000000029
33371.603019,0.0018899999999995,0.00402000000000058,9.99999999962142E-06,0.00017000000000067
33408.542413,0.0018899999999995,0.00406000000000084,9.99999999962142E-06,0.00017000000000067
33449.468971,0.00187000000000026,0.00412000000000035,4.0000000000262E-05,0.00017000000000067
33486.274490,0.0018899999999995,0.00413999999999959,9.99999999962142E-06,0.00017000000000067
33523.141846,0.00197000000000003,0.00422999999999973,9.99999999962142E-06,0.00017000000000067
33560.048467,0.00194000000000116,0.00422999999999973,9.99999999962142E-06,0.00017000000000067
33596.969310,0.00194000000000116,0.00422999999999973,4.0000000000262E-05,0.00017000000000067
33633.791835,0.00192000000000014,0.00422999999999973,9.99999999962142E-06,0.000189999999999912
33670.636620,0.00192000000000014,0.00422999999999973,4.0000000000262E-05,0.000140000000000029
33711.517729,0.00192000000000014,0.00422999999999973,4.0000000000262E-05,0.00017000000000067
33748.460214,0.00192000000000014,0.00426000000000037,4.0000000000262E-05,0.00017000000000067
33785.360961,0.00192000000000014,0.00426000000000037,4.0000000000262E-05,0.00017000000000067
33822.118558,0.0018899999999995,0.00422999999999973,9.99999999962142E-06,0.00017000000000067
33859.072174,0.0018899999999995,0.00422999999999973,9.99999999962142E-06,0.000140000000000029
33895.869655,0.0018899999999995,0.00427999999999962,9.99999999962142E-06,0.00017000000000067
33932.799774,0.00197000000000003,0.00431000000000026,9.99999999962142E-06,0.00017000000000067
33973.721385,0.00206999999999979,0.00427999999999962,9.99999999962142E-06,0.00017000000000067
34010.433842,0.00176000000000087,0.00394000000000005,4.0000000000262E-05,0.00017000000000067
34047.450840,0.00178000000000011,0.0039700000000007,4.0000000000262E-05,0.00017000000000067
34084.293770,0.00183999999999962,0.00406000000000084,4.0000000000262E-05,0.000140000000000029
34121.265009,0.00186000000000064,0.00406000000000084,9.99999999962142E-06,0.00017000000000067
34158.043321,0.00186000000000064,0.00411000000000072,4.0000000000262E-05,0.000140000000000029
34194.883160,0.00183,0.00408000000000008,9.99999999962142E-06,0.000140000000000029
34235.797042,0.00192000000000014,0.00417000000000023,9.99999999962142E-06,0.000140000000000029
34272.692842,0.0018899999999995,0.00413999999999959,4.0000000000262E-05,0.00017000000000067
34309.636255,0.00197000000000003,0.00426000000000037,4.0000000000262E-05,0.00017000000000067
34346.444557,0.00194000000000116,0.00426000000000037,4.0000000000262E-05,0.000140000000000029
34383.306347,0.00210000000000043,0.0044000000000004,6.00000000012813E-05,0.00017000000000067
34420.229046,0.00210000000000043,0.00454000000000043,6.00000000012813E-05,0.000189999999999912
34456.994990,0.00234000000000023,0.00464999999999982,6.00000000012813E-05,0.000220000000000553
34497.932061,0.00247000000000064,0.00479999999999947,6.00000000012813E-05,0.000220000000000553
34534.732324,0.00261000000000067,0.00491000000000064,6.00000000012813E-05,0.000220000000000553
34571.729225,0.00279000000000096,0.00510000000000055,6.00000000012813E-05,0.000189999999999912
34608.547730,0.00298000000000087,0.00510000000000055,4.0000000000262E-05,0.000220000000000553
34645.567820,0.00298000000000087,0.00526999999999944,9.99999999962142E-06,0.000220000000000553
34682.320470,0.00319000000000003,0.00544000000000011,-9.99999999962142E-06,0.000250000000001194
34719.172985,0.00332000000000043,0.0055600000000009,-9.99999999962142E-06,0.000250000000001194
34760.031833,0.00340000000000096,0.00576000000000043,9.99999999962142E-06,0.000250000000001194
34796.901662,0.00364000000000075,0.00599000000000061,9.99999999962142E-06,0.000250000000001194
34833.897326,0.00383000000000067,0.00604000000000049,9.99999999962142E-06,0.000250000000001194
34870.739638,0.0037300000000009,0.00604000000000049,9.99999999962142E-06,0.000250000000001194
34907.593080,0.0037300000000009,0.00604000000000049,9.99999999962142E-06,0.000250000000001194
34944.427972,0.00394000000000005,0.00629999999999953,9.99999999962142E-06,0.000270000000000437
34981.358709,0.00417999999999985,0.00657999999999959,0,0.000270000000000437
35022.211992,0.00436000000000014,0.00680999999999976,9.99999999962142E-06,0.000270000000000437
35059.071927,0.00452000000000119,0.00697000000000081,9.99999999962142E-06,0.000300000000001077
35096.129736,0.00481000000000087,0.00697000000000081,9.99999999962142E-06,0.000300000000001077
35132.877749,0.00505000000000067,0.00733999999999924,-9.99999999962142E-06,0.000300000000001077
35169.869703,0.00505000000000067,0.00756999999999941,9.99999999962142E-06,0.000329999999999941
35206.554025,0.00513000000000119,0.00763000000000069,9.99999999962142E-06,0.000300000000001077
35243.518153,0.00516000000000005,0.0080000000000009,4.0000000000262E-05,0.000300000000001077
35284.302489,0.00553000000000026,0.00844999999999985,9.99999999962142E-06,0.000329999999999941
35321.199216,0.00579000000000107,0.00858999999999988,9.99999999962142E-06,0.000360000000000582
35358.201683,0.00585000000000058,0.00858999999999988,6.00000000012813E-05,0.000360000000000582
35394.933618,0.0059300000000011,0.00868000000000002,6.00000000012813E-05,0.000350000000000961
35431.821070,0.0059300000000011,0.00887999999999955,4.0000000000262E-05,0.000360000000000582
35468.665237,0.00600999999999985,0.00900999999999996,6.00000000012813E-05,0.000360000000000582
35505.562582,0.00610999999999962,0.00896000000000008,6.00000000012813E-05,0.000360000000000582
35546.561488,0.00608000000000075,0.00896000000000008,6.00000000012813E-05,0.000350000000000961
35583.372264,0.0061700000000009,0.00918000000000063,6.00000000012813E-05,0.000360000000000582
35620.237146,0.00632000000000055,0.00918000000000063,9.00000000001455E-05,0.000360000000000582
35657.099864,0.00632000000000055,0.00938000000000017,6.00000000012813E-05,0.000380000000001601
35693.889615,0.00646000000000058,0.00955000000000084,9.00000000001455E-05,0.000380000000001601
35730.909396,0.00656999999999996,0.00972999999999935,9.00000000001455E-05,0.000380000000001601
35767.703476,0.00685999999999964,0.00998000000000054,9.00000000001455E-05,0.000410000000000466
35808.635908,0.00703999999999994,0.0101200000000006,9.00000000001455E-05,0.000410000000000466
35845.545312,0.00707000000000058,0.01037,9.00000000001455E-05,0.000410000000000466
35882.392880,0.00727999999999973,0.01037,9.00000000001455E-05,0.000410000000000466
35919.258380,0.00727999999999973,0.0106900000000003,6.00000000012813E-05,0.000410000000000466
35956.057407,0.00740000000000052,0.0107400000000002,6.00000000012813E-05,0.000440000000001106
35992.962173,0.00732999999999961,0.0106599999999997,9.00000000001455E-05,0.000440000000001106
36029.809123,0.00717999999999996,0.0104600000000001,6.00000000012813E-05,0.000430000000001485
36070.726714,0.00680999999999976,0.0100899999999999,6.00000000012813E-05,0.000380000000001601
36107.564389,0.00632000000000055,0.0100899999999999,6.00000000012813E-05,0.000360000000000582
36144.443493,0.00595999999999997,0.00932000000000066,9.99999999962142E-06,0.000360000000000582
36181.399273,0.00595999999999997,0.00892999999999944,9.99999999962142E-06,0.000329999999999941
36218.249005,0.0055600000000009,0.00844999999999985,9.99999999962142E-06,0.000329999999999941
36255.219936,0.00520999999999994,0.00802000000000014,9.99999999962142E-06,0.000329999999999941
36292.010306,0.00483999999999973,0.00756999999999941,9.99999999962142E-06,0.000270000000000437
36332.957579,0.00462000000000096,0.00742999999999938,9.99999999962142E-06,0.000270000000000437
36369.758770,0.00452000000000119,0.00742999999999938,9.99999999962142E-06,0.000270000000000437
36406.793700,0.00452000000000119,0.00717000000000034,9.99999999962142E-06,0.000250000000001194
36443.513577,0.00430000000000064,0.00692000000000093,4.0000000000262E-05,0.000250000000001194
36480.409377,0.00406000000000084,0.00671999999999962,4.0000000000262E-05,0.000250000000001194
36517.276732,0.00391000000000119,0.00652000000000008,4.0000000000262E-05,0.000250000000001194
36554.192938,0.0037300000000009,0.00634999999999941,4.0000000000262E-05,0.000270000000000437
36594.999226,0.00364000000000075,0.00627000000000066,6.00000000012813E-05,0.000250000000001194
36631.933054,0.00364000000000075,0.00627000000000066,6.00000000012813E-05,0.000270000000000437
36668.818033,0.00364000000000075,0.00618000000000052,4.0000000000262E-05,0.000270000000000437
36705.707031,0.00361999999999973,0.00609999999999999,9.00000000001455E-05,0.000250000000001194
36742.512550,0.00323999999999991,0.00572999999999979,6.00000000012813E-05,0.000250000000001194
36779.420099,0.00319999999999965,0.0056200000000004,6.00000000012813E-05,0.000250000000001194
36816.400614,0.0031099999999995,0.00547000000000075,6.00000000012813E-05,0.000250000000001194
36857.287597,0.00295000000000023,0.00547000000000075,0.000110000000001165,0.000250000000001194
36893.996344,0.00279000000000096,0.0053099999999997,6.00000000012813E-05,0.000220000000000553
36930.923989,0.00279000000000096,0.00516000000000005,0.000110000000001165,0.000220000000000553
36967.766610,0.00281999999999982,0.00516000000000005,6.00000000012813E-05,0.000220000000000553
37004.762583,0.00276000000000032,0.00505000000000067,6.00000000012813E-05,0.000220000000000553
37041.468857,0.00269000000000119,0.00496000000000052,9.00000000001455E-05,0.000220000000000553
37078.424637,0.00255000000000116,0.00492999999999988,9.00000000001455E-05,0.000220000000000553
37119.247930,0.00252000000000052,0.00492999999999988,6.00000000012813E-05,0.000220000000000553
37156.163208,0.0024999999999995,0.00488,9.00000000001455E-05,0.000220000000000553
37193.061481,0.0024999999999995,0.00482000000000049,6.00000000012813E-05,0.000220000000000553
37229.910904,0.00247000000000064,0.00477000000000061,6.00000000012813E-05,0.000220000000000553
37267.169370,0.00237000000000087,0.00468000000000046,6.00000000012813E-05,0.000220000000000553
37303.787528,0.00220999999999982,0.00454000000000043,6.00000000012813E-05,0.000220000000000553
37340.513589,0.00219000000000058,0.00450999999999979,9.00000000001455E-05,0.000189999999999912
37381.381094,0.00224000000000046,0.00450999999999979,6.00000000012813E-05,0.000189999999999912
37418.313067,0.00224000000000046,0.0045699999999993,6.00000000012813E-05,0.000189999999999912
37455.129717,0.00215000000000032,0.00427999999999962,6.00000000012813E-05,0.00017000000000067
37492.103739,0.00192000000000014,0.00406000000000084,4.0000000000262E-05,0.00017000000000067
37528.917607,0.0018899999999995,0.00402000000000058,6.00000000012813E-05,0.00017000000000067
37565.791764,0.0018899999999995,0.00406000000000084,6.00000000012813E-05,0.000189999999999912
37602.687564,0.00197000000000003,0.00406000000000084,9.00000000001455E-05,0.000189999999999912
37643.627417,0.00205000000000055,0.00417000000000023,9.00000000001455E-05,0.000189999999999912
37680.542695,0.00205000000000055,0.0043400000000009,6.00000000012813E-05,0.000189999999999912
37717.299364,0.00230999999999959,0.0045699999999993,6.00000000012813E-05,0.000220000000000553
37754.157135,0.00242000000000075,0.00473999999999997,9.00000000001455E-05,0.000220000000000553
37791.040568,0.00247000000000064,0.00482000000000049,9.00000000001455E-05,0.000220000000000553
37827.917198,0.00242000000000075,0.00488,9.00000000001455E-05,0.000220000000000553
37864.890602,0.00244999999999962,0.00488,9.00000000001455E-05,0.000220000000000553
37905.720696,0.00239000000000011,0.00482000000000049,6.00000000012813E-05,0.000220000000000553
37942.474583,0.00239000000000011,0.00470999999999933,6.00000000012813E-05,0.000220000000000553
37979.505494,0.00228000000000073,0.0045699999999993,4.0000000000262E-05,0.000189999999999912
38016.378724,0.00215999999999994,0.00445999999999991,6.00000000012813E-05,0.000189999999999912
38053.164765,0.00210000000000043,0.0044000000000004,6.00000000012813E-05,0.000189999999999912
38090.077879,0.00206999999999979,0.00436999999999976,6.00000000012813E-05,0.000189999999999912
38126.864230,0.00205000000000055,0.00436999999999976,4.0000000000262E-05,0.00017000000000067
38167.789242,0.00205000000000055,0.00436999999999976,4.0000000000262E-05,0.000189999999999912
38204.671129,0.00206999999999979,0.00442999999999927,4.0000000000262E-05,0.00017000000000067
38241.611450,0.00208000000000119,0.00445999999999991,6.00000000012813E-05,0.000189999999999912
38278.553936,0.00219000000000058,0.00459999999999994,6.00000000012813E-05,0.000189999999999912
38315.365021,0.00237000000000087,0.00482000000000049,6.00000000012813E-05,0.000220000000000553
38352.188473,0.00234000000000023,0.00463000000000058,6.00000000012813E-05,0.000189999999999912
38389.187538,0.00223000000000084,0.00463000000000058,6.00000000012813E-05,0.000189999999999912
38425.891338,0.00223000000000084,0.00450999999999979,9.00000000001455E-05,0.000189999999999912
38466.893336,0.00220999999999982,0.00448000000000093,6.00000000012813E-05,0.000189999999999912
38503.678140,0.00219000000000058,0.00454000000000043,6.00000000012813E-05,0.000189999999999912
38540.531274,0.00215000000000032,0.00450999999999979,6.00000000012813E-05,0.000189999999999912
38577.483035,0.00213000000000108,0.00445999999999991,6.00000000012813E-05,0.000189999999999912
38614.392747,0.00223000000000084,0.00445999999999991,6.00000000012813E-05,0.000189999999999912
38651.169514,0.00215999999999994,0.00450999999999979,6.00000000012813E-05,0.000189999999999912
38687.991420,0.00215999999999994,0.00442999999999927,6.00000000012813E-05,0.000189999999999912
38729.014441,0.00213000000000108,0.0044000000000004,6.00000000012813E-05,0.000189999999999912
38765.864483,0.00206999999999979,0.00445999999999991,6.00000000012813E-05,0.000189999999999912
38802.737094,0.00213000000000108,0.00450999999999979,6.00000000012813E-05,0.000189999999999912
38839.667522,0.00225999999999971,0.00464999999999982,4.0000000000262E-05,0.000189999999999912
38876.577544,0.00242000000000075,0.00464999999999982,6.00000000012813E-05,0.000220000000000553
38913.759025,0.00260000000000105,0.00482000000000049,6.00000000012813E-05,0.000189999999999912
38950.554651,0.00260000000000105,0.00505000000000067,6.00000000012813E-05,0.000220000000000553
38991.067837,0.00279000000000096,0.00524000000000058,4.0000000000262E-05,0.000220000000000553
39028.133376,0.00295000000000023,0.00544999999999973,6.00000000012813E-05,0.000220000000000553
39064.892210,0.00319000000000003,0.00563999999999965,6.00000000012813E-05,0.000250000000001194
39101.740396,0.00328999999999979,0.00584000000000096,4.0000000000262E-05,0.000250000000001194
39138.564157,0.00340000000000096,0.00584000000000096,4.0000000000262E-05,0.000220000000000553
